"subj_code","response"
"RoqXsdd7kmV0","{""age"":""27""}"
"RoqXsdd7kmV0","{""gender"":""female""}"
"RoqXsdd7kmV0","{""handedness"":""left-handed""}"
"RoqXsdd7kmV0","{""comments"":""""}"
"5EZNV9BiS891","{""age"":""27""}"
"5EZNV9BiS891","{""gender"":""male""}"
"5EZNV9BiS891","{""handedness"":""right-handed""}"
"5EZNV9BiS891","{""comments"":""""}"
"KuYIhvTzHiS4","{""age"":""26""}"
"KuYIhvTzHiS4","{""gender"":""female""}"
"KuYIhvTzHiS4","{""handedness"":""left-handed""}"
"KuYIhvTzHiS4","{""comments"":""""}"
"CXO4MnXVq8wA","{""age"":""27""}"
"CXO4MnXVq8wA","{""gender"":""male""}"
"CXO4MnXVq8wA","{""handedness"":""left-handed""}"
"CXO4MnXVq8wA","{""comments"":""This was extremely taxing mentally and induced both physical and mental strain on me for some reason, for being quite a simple task. I'm curious what the purpose of it was.""}"
"bbeyDn0PUWuE","{""age"":""28""}"
"bbeyDn0PUWuE","{""gender"":""female""}"
"bbeyDn0PUWuE","{""handedness"":""right-handed""}"
"bbeyDn0PUWuE","{""comments"":""""}"
"wHWCAzQ700Ny","{""age"":""27""}"
"wHWCAzQ700Ny","{""gender"":""male""}"
"wHWCAzQ700Ny","{""handedness"":""right-handed""}"
"wHWCAzQ700Ny","{""comments"":""""}"
"g1rDhZnud8rN","{""age"":""26""}"
"g1rDhZnud8rN","{""gender"":""female""}"
"g1rDhZnud8rN","{""handedness"":""right-handed""}"
"g1rDhZnud8rN","{""comments"":""""}"
"FVFcrcoznOwp","{""age"":""19""}"
"FVFcrcoznOwp","{""gender"":""male""}"
"FVFcrcoznOwp","{""handedness"":""right-handed""}"
"FVFcrcoznOwp","{""comments"":""""}"
"YKBW6ZuvQpnd","{""age"":""18""}"
"YKBW6ZuvQpnd","{""gender"":""male""}"
"YKBW6ZuvQpnd","{""handedness"":""right-handed""}"
"YKBW6ZuvQpnd","{""comments"":""""}"
"OKUvCFzzYE6H","{""age"":""27""}"
"OKUvCFzzYE6H","{""gender"":""male""}"
"OKUvCFzzYE6H","{""handedness"":""right-handed""}"
"OKUvCFzzYE6H","{""comments"":""""}"
"4eZLAABcZvxm","{""age"":""27""}"
"4eZLAABcZvxm","{""gender"":""female""}"
"4eZLAABcZvxm","{""handedness"":""right-handed""}"
"4eZLAABcZvxm","{""comments"":""""}"
"0Dn9TNCc4hLv","{""age"":""27""}"
"0Dn9TNCc4hLv","{""gender"":""female""}"
"0Dn9TNCc4hLv","{""handedness"":""right-handed""}"
"0Dn9TNCc4hLv","{""comments"":""Nope, it was good!""}"
"NqffK21ie787","{""age"":""20""}"
"NqffK21ie787","{""gender"":""male""}"
"NqffK21ie787","{""handedness"":""right-handed""}"
"NqffK21ie787","{""comments"":""""}"
"pkaF5sNlLJPR","{""age"":""23""}"
"pkaF5sNlLJPR","{""gender"":""male""}"
"pkaF5sNlLJPR","{""handedness"":""left-handed""}"
"pkaF5sNlLJPR","{""comments"":""""}"
"fRaT14GT4OjA","{""age"":""22""}"
"fRaT14GT4OjA","{""gender"":""female""}"
"fRaT14GT4OjA","{""handedness"":""right-handed""}"
"fRaT14GT4OjA","{""comments"":""""}"
"vOswNMO5z8iS","{""age"":""24""}"
"vOswNMO5z8iS","{""gender"":""male""}"
"vOswNMO5z8iS","{""handedness"":""right-handed""}"
"vOswNMO5z8iS","{""comments"":""even though many of the laws were broken only by lettter, i wouldnt personally hold issue with some of the \""breaks\"". I belive spirit should be taken into account in the real world, but for the task i focused on letter ""}"
"90lIooVVYp5f","{""age"":""28""}"
"90lIooVVYp5f","{""gender"":""female""}"
"90lIooVVYp5f","{""handedness"":""right-handed""}"
"90lIooVVYp5f","{""comments"":""""}"
"uw8eOWA2pDth","{""age"":""25""}"
"uw8eOWA2pDth","{""gender"":""male""}"
"uw8eOWA2pDth","{""handedness"":""right-handed""}"
"uw8eOWA2pDth","{""comments"":""""}"
"QLPpSDO3vHuS","{""age"":""23""}"
"QLPpSDO3vHuS","{""gender"":""female""}"
"QLPpSDO3vHuS","{""handedness"":""right-handed""}"
"QLPpSDO3vHuS","{""comments"":""I found that by squinting really hard during the color section i was able to increase my reaction speed, because I saw the color more than the word""}"
"lihAe8JtDeIl","{""age"":""27""}"
"lihAe8JtDeIl","{""gender"":""female""}"
"lihAe8JtDeIl","{""handedness"":""right-handed""}"
"lihAe8JtDeIl","{""comments"":""""}"
"Gg28yDNKSlQ7","{""age"":""23""}"
"Gg28yDNKSlQ7","{""gender"":""male""}"
"Gg28yDNKSlQ7","{""handedness"":""right-handed""}"
"Gg28yDNKSlQ7","{""comments"":""""}"
"4JD1pwuOGYRI","{""age"":""25""}"
"4JD1pwuOGYRI","{""gender"":""female""}"
"4JD1pwuOGYRI","{""handedness"":""right-handed""}"
"4JD1pwuOGYRI","{""comments"":""""}"
"EyRzoxUw29tn","{""age"":""27""}"
"EyRzoxUw29tn","{""gender"":""female""}"
"EyRzoxUw29tn","{""handedness"":""right-handed""}"
"EyRzoxUw29tn","{""comments"":""""}"
"eFG9CYmQATe4","{""age"":""19""}"
"eFG9CYmQATe4","{""gender"":""male""}"
"eFG9CYmQATe4","{""handedness"":""right-handed""}"
"eFG9CYmQATe4","{""comments"":""""}"
"qvko8Guyxlmp","{""age"":""27""}"
"qvko8Guyxlmp","{""gender"":""female""}"
"qvko8Guyxlmp","{""handedness"":""right-handed""}"
"qvko8Guyxlmp","{""comments"":""""}"
"1pOVWQ42uhp8","{""age"":""22""}"
"1pOVWQ42uhp8","{""gender"":""female""}"
"1pOVWQ42uhp8","{""handedness"":""right-handed""}"
"1pOVWQ42uhp8","{""comments"":""""}"
"GU4ULPb6XV1w","{""age"":""26""}"
"GU4ULPb6XV1w","{""gender"":""female""}"
"GU4ULPb6XV1w","{""handedness"":""right-handed""}"
"GU4ULPb6XV1w","{""comments"":""""}"
"alfkTQ4PmNiB","{""age"":""19""}"
"alfkTQ4PmNiB","{""gender"":""male""}"
"alfkTQ4PmNiB","{""handedness"":""right-handed""}"
"alfkTQ4PmNiB","{""comments"":""""}"
"uZ5iwq8AUVyc","{""age"":""27""}"
"uZ5iwq8AUVyc","{""gender"":""female""}"
"uZ5iwq8AUVyc","{""handedness"":""right-handed""}"
"uZ5iwq8AUVyc","{""comments"":""""}"
"zkTlZrgUYLh9","{""age"":""25""}"
"zkTlZrgUYLh9","{""gender"":""non-binary""}"
"zkTlZrgUYLh9","{""handedness"":""left-handed""}"
"zkTlZrgUYLh9","{""comments"":""N/A""}"
"Y7dF1DE793mA","{""age"":""23""}"
"Y7dF1DE793mA","{""gender"":""male""}"
"Y7dF1DE793mA","{""handedness"":""left-handed""}"
"Y7dF1DE793mA","{""comments"":""no""}"
"vvegNAj8xTTH","{""age"":""27""}"
"vvegNAj8xTTH","{""gender"":""female""}"
"vvegNAj8xTTH","{""handedness"":""right-handed""}"
"vvegNAj8xTTH","{""comments"":""""}"
"9tKsgVNTJzqv","{""age"":""27""}"
"9tKsgVNTJzqv","{""gender"":""female""}"
"9tKsgVNTJzqv","{""handedness"":""right-handed""}"
"9tKsgVNTJzqv","{""comments"":""""}"
"ZcrfoNki6xMC","{""age"":""25""}"
"ZcrfoNki6xMC","{""gender"":""male""}"
"ZcrfoNki6xMC","{""handedness"":""right-handed""}"
"ZcrfoNki6xMC","{""comments"":""none""}"
"50t9Khc89nl5","{""age"":""28""}"
"50t9Khc89nl5","{""gender"":""female""}"
"50t9Khc89nl5","{""handedness"":""right-handed""}"
"50t9Khc89nl5","{""comments"":""""}"
"9Y3EVxFNLXLR","{""age"":""28""}"
"9Y3EVxFNLXLR","{""gender"":""female""}"
"9Y3EVxFNLXLR","{""handedness"":""right-handed""}"
"9Y3EVxFNLXLR","{""comments"":""""}"
"ttSti6YEileY","{""age"":""27""}"
"ttSti6YEileY","{""gender"":""female""}"
"ttSti6YEileY","{""handedness"":""right-handed""}"
"ttSti6YEileY","{""comments"":""N/A""}"
"tSEQEGiJJwbP","{""age"":""28""}"
"tSEQEGiJJwbP","{""gender"":""male""}"
"tSEQEGiJJwbP","{""handedness"":""left-handed""}"
"tSEQEGiJJwbP","{""comments"":""N/A""}"
"kd7FRn00K0n4","{""age"":""26""}"
"kd7FRn00K0n4","{""gender"":""male""}"
"kd7FRn00K0n4","{""handedness"":""left-handed""}"
"kd7FRn00K0n4","{""comments"":""""}"
"dg7iuxdFUDkI","{""age"":""21""}"
"dg7iuxdFUDkI","{""gender"":""male""}"
"dg7iuxdFUDkI","{""handedness"":""left-handed""}"
"dg7iuxdFUDkI","{""comments"":""""}"
"uzs832FgaFPn","{""age"":""27""}"
"uzs832FgaFPn","{""gender"":""female""}"
"uzs832FgaFPn","{""handedness"":""right-handed""}"
"uzs832FgaFPn","{""comments"":""""}"
"ApNtcgVFR4dk","{""age"":""22""}"
"ApNtcgVFR4dk","{""gender"":""female""}"
"ApNtcgVFR4dk","{""handedness"":""right-handed""}"
"ApNtcgVFR4dk","{""comments"":""""}"
"1H4otZhW9P2n","{""age"":""28""}"
"1H4otZhW9P2n","{""gender"":""female""}"
"1H4otZhW9P2n","{""handedness"":""right-handed""}"
"1H4otZhW9P2n","{""comments"":""""}"
"1g1WFHUQxaTC","{""age"":""25""}"
"1g1WFHUQxaTC","{""gender"":""female""}"
"1g1WFHUQxaTC","{""handedness"":""right-handed""}"
"1g1WFHUQxaTC","{""comments"":""Very good study""}"
"uh46vg4hGp1t","{""age"":""20""}"
"uh46vg4hGp1t","{""gender"":""female""}"
"uh46vg4hGp1t","{""handedness"":""right-handed""}"
"uh46vg4hGp1t","{""comments"":""""}"
"jQbclREtRVV8","{""age"":""19""}"
"jQbclREtRVV8","{""gender"":""non-binary""}"
"jQbclREtRVV8","{""handedness"":""right-handed""}"
"jQbclREtRVV8","{""comments"":""""}"
"n3xjncyw3Az9","{""age"":""28""}"
"n3xjncyw3Az9","{""gender"":""male""}"
"n3xjncyw3Az9","{""handedness"":""right-handed""}"
"n3xjncyw3Az9","{""comments"":""""}"
"TvLALsOdBMQq","{""age"":""26""}"
"TvLALsOdBMQq","{""gender"":""male""}"
"TvLALsOdBMQq","{""handedness"":""right-handed""}"
"TvLALsOdBMQq","{""comments"":""""}"
"lvi5J0yRVTqF","{""age"":""25""}"
"lvi5J0yRVTqF","{""gender"":""male""}"
"lvi5J0yRVTqF","{""handedness"":""right-handed""}"
"lvi5J0yRVTqF","{""comments"":""""}"
"212qYOdsbJ1I","{""age"":""24""}"
"212qYOdsbJ1I","{""gender"":""female""}"
"212qYOdsbJ1I","{""handedness"":""right-handed""}"
"212qYOdsbJ1I","{""comments"":""""}"
"p2aBhBMD3fQz","{""age"":""27""}"
"p2aBhBMD3fQz","{""gender"":""female""}"
"p2aBhBMD3fQz","{""handedness"":""right-handed""}"
"p2aBhBMD3fQz","{""comments"":""""}"
"2M5nfL4z0Wwv","{""age"":""25""}"
"2M5nfL4z0Wwv","{""gender"":""male""}"
"2M5nfL4z0Wwv","{""handedness"":""right-handed""}"
"2M5nfL4z0Wwv","{""comments"":""""}"
"0SPkxIlZgcOz","{""age"":""28""}"
"0SPkxIlZgcOz","{""gender"":""male""}"
"0SPkxIlZgcOz","{""handedness"":""right-handed""}"
"0SPkxIlZgcOz","{""comments"":""None""}"
"brHkndTLHmsN","{""age"":""23""}"
"brHkndTLHmsN","{""gender"":""male""}"
"brHkndTLHmsN","{""handedness"":""right-handed""}"
"brHkndTLHmsN","{""comments"":""""}"
"dVAcEx2gjGGl","{""age"":""26""}"
"dVAcEx2gjGGl","{""gender"":""male""}"
"dVAcEx2gjGGl","{""handedness"":""right-handed""}"
"dVAcEx2gjGGl","{""comments"":""""}"
"K4cZX30UOznT","{""age"":""29""}"
"K4cZX30UOznT","{""gender"":""male""}"
"K4cZX30UOznT","{""handedness"":""right-handed""}"
"K4cZX30UOznT","{""comments"":""""}"
"Sq9jzGavdN06","{""age"":""22""}"
"Sq9jzGavdN06","{""gender"":""male""}"
"Sq9jzGavdN06","{""handedness"":""right-handed""}"
"Sq9jzGavdN06","{""comments"":""""}"
"pl46v62wdhP7","{""age"":""21""}"
"pl46v62wdhP7","{""gender"":""male""}"
"pl46v62wdhP7","{""handedness"":""right-handed""}"
"pl46v62wdhP7","{""comments"":""it was too long, i lost focus and became less accurate""}"
"iOxKxGuZbkDc","{""age"":""27""}"
"iOxKxGuZbkDc","{""gender"":""male""}"
"iOxKxGuZbkDc","{""handedness"":""right-handed""}"
"iOxKxGuZbkDc","{""comments"":""""}"
"hDxNHaL7CRN2","{""age"":""27""}"
"hDxNHaL7CRN2","{""gender"":""non-binary""}"
"hDxNHaL7CRN2","{""handedness"":""right-handed""}"
"hDxNHaL7CRN2","{""comments"":""""}"
"0y8KZsYAJQT8","{""age"":""33""}"
"0y8KZsYAJQT8","{""gender"":""female""}"
"0y8KZsYAJQT8","{""handedness"":""right-handed""}"
"0y8KZsYAJQT8","{""comments"":""""}"
"mnO40GkdV6eX","{""age"":""34""}"
"mnO40GkdV6eX","{""gender"":""male""}"
"mnO40GkdV6eX","{""handedness"":""right-handed""}"
"mnO40GkdV6eX","{""comments"":""""}"
"lg8oHqujp1Hy","{""age"":""29""}"
"lg8oHqujp1Hy","{""gender"":""male""}"
"lg8oHqujp1Hy","{""handedness"":""right-handed""}"
"lg8oHqujp1Hy","{""comments"":""""}"
"UHkjq2u9bWBe","{""age"":""32""}"
"UHkjq2u9bWBe","{""gender"":""female""}"
"UHkjq2u9bWBe","{""handedness"":""right-handed""}"
"UHkjq2u9bWBe","{""comments"":""""}"
"K6CIwMWgvYa0","{""age"":""33""}"
"K6CIwMWgvYa0","{""gender"":""female""}"
"K6CIwMWgvYa0","{""handedness"":""right-handed""}"
"K6CIwMWgvYa0","{""comments"":""""}"
"mNcjo3UMzBVK","{""age"":""37""}"
"mNcjo3UMzBVK","{""gender"":""female""}"
"mNcjo3UMzBVK","{""handedness"":""right-handed""}"
"mNcjo3UMzBVK","{""comments"":""""}"
"EYf98PJiNzHu","{""age"":""29""}"
"EYf98PJiNzHu","{""gender"":""female""}"
"EYf98PJiNzHu","{""handedness"":""right-handed""}"
"EYf98PJiNzHu","{""comments"":""""}"
"aO4K7r5tEJei","{""age"":""35""}"
"aO4K7r5tEJei","{""gender"":""female""}"
"aO4K7r5tEJei","{""handedness"":""right-handed""}"
"aO4K7r5tEJei","{""comments"":""""}"
"hcbKoDPnBBvO","{""age"":""32""}"
"hcbKoDPnBBvO","{""gender"":""male""}"
"hcbKoDPnBBvO","{""handedness"":""left-handed""}"
"hcbKoDPnBBvO","{""comments"":""""}"
"IltewekOItSZ","{""age"":""37""}"
"IltewekOItSZ","{""gender"":""male""}"
"IltewekOItSZ","{""handedness"":""left-handed""}"
"IltewekOItSZ","{""comments"":""""}"
"GN8V1kaoBte5","{""age"":""32""}"
"GN8V1kaoBte5","{""gender"":""female""}"
"GN8V1kaoBte5","{""handedness"":""right-handed""}"
"GN8V1kaoBte5","{""comments"":""""}"
"CbEQXixgzDhh","{""age"":""39""}"
"CbEQXixgzDhh","{""gender"":""male""}"
"CbEQXixgzDhh","{""handedness"":""right-handed""}"
"CbEQXixgzDhh","{""comments"":""""}"
"C8yUaprvtUjC","{""age"":""31""}"
"C8yUaprvtUjC","{""gender"":""female""}"
"C8yUaprvtUjC","{""handedness"":""right-handed""}"
"C8yUaprvtUjC","{""comments"":""""}"
"mPa8sUhBgzL9","{""age"":""34""}"
"mPa8sUhBgzL9","{""gender"":""male""}"
"mPa8sUhBgzL9","{""handedness"":""right-handed""}"
"mPa8sUhBgzL9","{""comments"":""""}"
"osWtmcyLuM8t","{""age"":""35""}"
"osWtmcyLuM8t","{""gender"":""male""}"
"osWtmcyLuM8t","{""handedness"":""right-handed""}"
"osWtmcyLuM8t","{""comments"":""""}"
"fNQMInjb7XzA","{""age"":""30""}"
"fNQMInjb7XzA","{""gender"":""female""}"
"fNQMInjb7XzA","{""handedness"":""right-handed""}"
"fNQMInjb7XzA","{""comments"":""""}"
"Zr5RoeuGiylG","{""age"":""33""}"
"Zr5RoeuGiylG","{""gender"":""female""}"
"Zr5RoeuGiylG","{""handedness"":""right-handed""}"
"Zr5RoeuGiylG","{""comments"":""none""}"
"2LW8IYWDGVGm","{""age"":""31""}"
"2LW8IYWDGVGm","{""gender"":""female""}"
"2LW8IYWDGVGm","{""handedness"":""right-handed""}"
"2LW8IYWDGVGm","{""comments"":""""}"
"fvu4Y4kZ3dmG","{""age"":""25""}"
"fvu4Y4kZ3dmG","{""gender"":""female""}"
"fvu4Y4kZ3dmG","{""handedness"":""right-handed""}"
"fvu4Y4kZ3dmG","{""comments"":""""}"
"sXHJeXwrc397","{""age"":""35""}"
"sXHJeXwrc397","{""gender"":""female""}"
"sXHJeXwrc397","{""handedness"":""right-handed""}"
"sXHJeXwrc397","{""comments"":""That was fun, thank you!""}"
"2OxC0SKfwBE7","{""age"":""35""}"
"2OxC0SKfwBE7","{""gender"":""male""}"
"2OxC0SKfwBE7","{""handedness"":""right-handed""}"
"2OxC0SKfwBE7","{""comments"":""""}"
"82UQ5KSxXrTi","{""age"":""36""}"
"82UQ5KSxXrTi","{""gender"":""female""}"
"82UQ5KSxXrTi","{""handedness"":""left-handed""}"
"82UQ5KSxXrTi","{""comments"":""""}"
"lt6i9teLDLd2","{""age"":""30""}"
"lt6i9teLDLd2","{""gender"":""male""}"
"lt6i9teLDLd2","{""handedness"":""right-handed""}"
"lt6i9teLDLd2","{""comments"":""""}"
"dxyCMIyY33c5","{""age"":""30""}"
"dxyCMIyY33c5","{""gender"":""male""}"
"dxyCMIyY33c5","{""handedness"":""right-handed""}"
"dxyCMIyY33c5","{""comments"":""Thank you for the study it was quite interesting and some questions did confuse me but i answered each truthfully and good luck with your research :)""}"
"McjyZWm66XkU","{""age"":""34""}"
"McjyZWm66XkU","{""gender"":""male""}"
"McjyZWm66XkU","{""handedness"":""right-handed""}"
"McjyZWm66XkU","{""comments"":""""}"
"qzLlYD6SBiMh","{""age"":""37""}"
"qzLlYD6SBiMh","{""gender"":""female""}"
"qzLlYD6SBiMh","{""handedness"":""right-handed""}"
"qzLlYD6SBiMh","{""comments"":""It was interesting""}"
"tpNmiyF5H4W8","{""age"":""29""}"
"tpNmiyF5H4W8","{""gender"":""female""}"
"tpNmiyF5H4W8","{""handedness"":""right-handed""}"
"tpNmiyF5H4W8","{""comments"":""""}"
"eyaQyeBorUkh","{""age"":""33""}"
"eyaQyeBorUkh","{""gender"":""male""}"
"eyaQyeBorUkh","{""handedness"":""right-handed""}"
"eyaQyeBorUkh","{""comments"":""""}"
"sCgNqdVA6oEw","{""age"":""29""}"
"sCgNqdVA6oEw","{""gender"":""male""}"
"sCgNqdVA6oEw","{""handedness"":""right-handed""}"
"sCgNqdVA6oEw","{""comments"":""""}"
"Ql9BUVIZk59f","{""age"":""29""}"
"Ql9BUVIZk59f","{""gender"":""female""}"
"Ql9BUVIZk59f","{""handedness"":""right-handed""}"
"Ql9BUVIZk59f","{""comments"":""n.a.""}"
"b5J3ER8AfRKk","{""age"":""33""}"
"b5J3ER8AfRKk","{""gender"":""male""}"
"b5J3ER8AfRKk","{""handedness"":""right-handed""}"
"b5J3ER8AfRKk","{""comments"":""""}"
"FhZN3P8Nj90Z","{""age"":""34""}"
"FhZN3P8Nj90Z","{""gender"":""female""}"
"FhZN3P8Nj90Z","{""handedness"":""right-handed""}"
"FhZN3P8Nj90Z","{""comments"":""no""}"
"FgBNfO8GkiuP","{""age"":""38""}"
"FgBNfO8GkiuP","{""gender"":""male""}"
"FgBNfO8GkiuP","{""handedness"":""right-handed""}"
"FgBNfO8GkiuP","{""comments"":""""}"
"LwHLdKJSXGKc","{""age"":""37""}"
"LwHLdKJSXGKc","{""gender"":""male""}"
"LwHLdKJSXGKc","{""handedness"":""right-handed""}"
"LwHLdKJSXGKc","{""comments"":""no""}"
"eVSMuLD62mch","{""age"":""33""}"
"eVSMuLD62mch","{""gender"":""male""}"
"eVSMuLD62mch","{""handedness"":""right-handed""}"
"eVSMuLD62mch","{""comments"":""""}"
"n6KUzU0nm8Sx","{""age"":""31""}"
"n6KUzU0nm8Sx","{""gender"":""female""}"
"n6KUzU0nm8Sx","{""handedness"":""right-handed""}"
"n6KUzU0nm8Sx","{""comments"":""""}"
"NqjXB8UpfjJr","{""age"":""30""}"
"NqjXB8UpfjJr","{""gender"":""male""}"
"NqjXB8UpfjJr","{""handedness"":""right-handed""}"
"NqjXB8UpfjJr","{""comments"":""""}"
"6oULQi5G38i7","{""age"":""31""}"
"6oULQi5G38i7","{""gender"":""male""}"
"6oULQi5G38i7","{""handedness"":""left-handed""}"
"6oULQi5G38i7","{""comments"":""NA""}"
"PFZZ1fa53Vlw","{""age"":""34""}"
"PFZZ1fa53Vlw","{""gender"":""female""}"
"PFZZ1fa53Vlw","{""handedness"":""right-handed""}"
"PFZZ1fa53Vlw","{""comments"":""""}"
"hNNuPjQPiw6q","{""age"":""34""}"
"hNNuPjQPiw6q","{""gender"":""male""}"
"hNNuPjQPiw6q","{""handedness"":""right-handed""}"
"hNNuPjQPiw6q","{""comments"":""""}"
"pq58v6jKWUUy","{""age"":""29""}"
"pq58v6jKWUUy","{""gender"":""female""}"
"pq58v6jKWUUy","{""handedness"":""right-handed""}"
"pq58v6jKWUUy","{""comments"":""""}"
"Dqh3kSlZcxAM","{""age"":""29""}"
"Dqh3kSlZcxAM","{""gender"":""female""}"
"Dqh3kSlZcxAM","{""handedness"":""right-handed""}"
"Dqh3kSlZcxAM","{""comments"":""""}"
"xq4AXWBWsbhW","{""age"":""32""}"
"xq4AXWBWsbhW","{""gender"":""male""}"
"xq4AXWBWsbhW","{""handedness"":""right-handed""}"
"xq4AXWBWsbhW","{""comments"":""""}"
"AblCKNOwsNM1","{""age"":""32""}"
"AblCKNOwsNM1","{""gender"":""female""}"
"AblCKNOwsNM1","{""handedness"":""right-handed""}"
"AblCKNOwsNM1","{""comments"":""""}"
"e38NlfsgXcbJ","{""age"":""30""}"
"e38NlfsgXcbJ","{""gender"":""male""}"
"e38NlfsgXcbJ","{""handedness"":""right-handed""}"
"e38NlfsgXcbJ","{""comments"":""""}"
"CIZiqY9Hn1eh","{""age"":""35""}"
"CIZiqY9Hn1eh","{""gender"":""female""}"
"CIZiqY9Hn1eh","{""handedness"":""right-handed""}"
"CIZiqY9Hn1eh","{""comments"":""""}"
"ZuoDI698ptnl","{""age"":""31""}"
"ZuoDI698ptnl","{""gender"":""female""}"
"ZuoDI698ptnl","{""handedness"":""right-handed""}"
"ZuoDI698ptnl","{""comments"":""no""}"
"MeObKv5Van36","{""age"":""31""}"
"MeObKv5Van36","{""gender"":""female""}"
"MeObKv5Van36","{""handedness"":""right-handed""}"
"MeObKv5Van36","{""comments"":""""}"
"qzy5AwkpOCRX","{""age"":""34""}"
"qzy5AwkpOCRX","{""gender"":""female""}"
"qzy5AwkpOCRX","{""handedness"":""right-handed""}"
"qzy5AwkpOCRX","{""comments"":""NONE""}"
"Df1lu4g30ykW","{""age"":""32""}"
"Df1lu4g30ykW","{""gender"":""female""}"
"Df1lu4g30ykW","{""handedness"":""ambidextrous""}"
"Df1lu4g30ykW","{""comments"":""""}"
"QCbNuV04GNw4","{""age"":""35""}"
"QCbNuV04GNw4","{""gender"":""male""}"
"QCbNuV04GNw4","{""handedness"":""right-handed""}"
"QCbNuV04GNw4","{""comments"":""""}"
"wHr71Wu5Hd1h","{""age"":""30""}"
"wHr71Wu5Hd1h","{""gender"":""male""}"
"wHr71Wu5Hd1h","{""handedness"":""right-handed""}"
"wHr71Wu5Hd1h","{""comments"":""""}"
"VCrnpa6gYZwu","{""age"":""36""}"
"VCrnpa6gYZwu","{""gender"":""male""}"
"VCrnpa6gYZwu","{""handedness"":""right-handed""}"
"VCrnpa6gYZwu","{""comments"":""no""}"
"PgMpj3cZJOnV","{""age"":""32""}"
"PgMpj3cZJOnV","{""gender"":""male""}"
"PgMpj3cZJOnV","{""handedness"":""right-handed""}"
"PgMpj3cZJOnV","{""comments"":""None""}"
"3fJa8v6innga","{""age"":""32""}"
"3fJa8v6innga","{""gender"":""male""}"
"3fJa8v6innga","{""handedness"":""right-handed""}"
"3fJa8v6innga","{""comments"":""""}"
"z7cHkYlm8U2Y","{""age"":""33""}"
"z7cHkYlm8U2Y","{""gender"":""male""}"
"z7cHkYlm8U2Y","{""handedness"":""right-handed""}"
"z7cHkYlm8U2Y","{""comments"":""""}"
"g4kbzyxNThWX","{""age"":""31""}"
"g4kbzyxNThWX","{""gender"":""female""}"
"g4kbzyxNThWX","{""handedness"":""right-handed""}"
"g4kbzyxNThWX","{""comments"":""""}"
"InFhLA2KiWoc","{""age"":""27""}"
"InFhLA2KiWoc","{""gender"":""male""}"
"InFhLA2KiWoc","{""handedness"":""right-handed""}"
"InFhLA2KiWoc","{""comments"":""""}"
"yzUqxGvYyg55","{""age"":""32""}"
"yzUqxGvYyg55","{""gender"":""female""}"
"yzUqxGvYyg55","{""handedness"":""right-handed""}"
"yzUqxGvYyg55","{""comments"":""no""}"
"ghjkywTlFHO7","{""age"":""37""}"
"ghjkywTlFHO7","{""gender"":""female""}"
"ghjkywTlFHO7","{""handedness"":""right-handed""}"
"ghjkywTlFHO7","{""comments"":""""}"
"IYn6e3EvQMZH","{""age"":""47""}"
"IYn6e3EvQMZH","{""gender"":""female""}"
"IYn6e3EvQMZH","{""handedness"":""right-handed""}"
"IYn6e3EvQMZH","{""comments"":""""}"
"oi0p9Pof7j6K","{""age"":""51""}"
"oi0p9Pof7j6K","{""gender"":""female""}"
"oi0p9Pof7j6K","{""handedness"":""right-handed""}"
"oi0p9Pof7j6K","{""comments"":""none""}"
"rCh6YAhFCD0M","{""age"":""43""}"
"rCh6YAhFCD0M","{""gender"":""male""}"
"rCh6YAhFCD0M","{""handedness"":""left-handed""}"
"rCh6YAhFCD0M","{""comments"":""""}"
"SBaAFSKoP93Q","{""age"":""49""}"
"SBaAFSKoP93Q","{""gender"":""female""}"
"SBaAFSKoP93Q","{""handedness"":""right-handed""}"
"SBaAFSKoP93Q","{""comments"":""""}"
"Fs7pwPNARq88","{""age"":""43""}"
"Fs7pwPNARq88","{""gender"":""another identity""}"
"Fs7pwPNARq88","{""handedness"":""right-handed""}"
"Fs7pwPNARq88","{""comments"":""This was interesting but the grey background with the colours made my eyes hurt a lot. Just thought you should know that.""}"
"SHDA7qYmICei","{""age"":""44""}"
"SHDA7qYmICei","{""gender"":""female""}"
"SHDA7qYmICei","{""handedness"":""right-handed""}"
"SHDA7qYmICei","{""comments"":""""}"
"ZYLNbj2y9IH3","{""age"":""50""}"
"ZYLNbj2y9IH3","{""gender"":""female""}"
"ZYLNbj2y9IH3","{""handedness"":""right-handed""}"
"ZYLNbj2y9IH3","{""comments"":""""}"
"s3dfXEkl8Bng","{""age"":""51""}"
"s3dfXEkl8Bng","{""gender"":""female""}"
"s3dfXEkl8Bng","{""handedness"":""right-handed""}"
"s3dfXEkl8Bng","{""comments"":""""}"
"zjFp77bwJ1vt","{""age"":""43""}"
"zjFp77bwJ1vt","{""gender"":""male""}"
"zjFp77bwJ1vt","{""handedness"":""left-handed""}"
"zjFp77bwJ1vt","{""comments"":""""}"
"56gOuNUNKw0R","{""age"":""47""}"
"56gOuNUNKw0R","{""gender"":""male""}"
"56gOuNUNKw0R","{""handedness"":""right-handed""}"
"56gOuNUNKw0R","{""comments"":""""}"
"Aszf5eWnqYyS","{""age"":""43""}"
"Aszf5eWnqYyS","{""gender"":""male""}"
"Aszf5eWnqYyS","{""handedness"":""right-handed""}"
"Aszf5eWnqYyS","{""comments"":""""}"
"VeJkjsq2w32d","{""age"":""42""}"
"VeJkjsq2w32d","{""gender"":""female""}"
"VeJkjsq2w32d","{""handedness"":""right-handed""}"
"VeJkjsq2w32d","{""comments"":""""}"
"wt59hMsjZNGI","{""age"":""43""}"
"wt59hMsjZNGI","{""gender"":""female""}"
"wt59hMsjZNGI","{""handedness"":""right-handed""}"
"wt59hMsjZNGI","{""comments"":""""}"
"PJlCUQdGkjrg","{""age"":""49""}"
"PJlCUQdGkjrg","{""gender"":""male""}"
"PJlCUQdGkjrg","{""handedness"":""right-handed""}"
"PJlCUQdGkjrg","{""comments"":""""}"
"KrL290dKJEcg","{""age"":""46""}"
"KrL290dKJEcg","{""gender"":""male""}"
"KrL290dKJEcg","{""handedness"":""right-handed""}"
"KrL290dKJEcg","{""comments"":""Seemed to take longer than suggested.""}"
"wMVAEplzdQTP","{""age"":""40""}"
"wMVAEplzdQTP","{""gender"":""male""}"
"wMVAEplzdQTP","{""handedness"":""right-handed""}"
"wMVAEplzdQTP","{""comments"":""""}"
"aWNusznQFVmT","{""age"":""50""}"
"aWNusznQFVmT","{""gender"":""female""}"
"aWNusznQFVmT","{""handedness"":""right-handed""}"
"aWNusznQFVmT","{""comments"":""none""}"
"Bow3oDyo1ze1","{""age"":""44""}"
"Bow3oDyo1ze1","{""gender"":""female""}"
"Bow3oDyo1ze1","{""handedness"":""right-handed""}"
"Bow3oDyo1ze1","{""comments"":""""}"
"jSp79ydaSHxs","{""age"":""40""}"
"jSp79ydaSHxs","{""gender"":""female""}"
"jSp79ydaSHxs","{""handedness"":""right-handed""}"
"jSp79ydaSHxs","{""comments"":""""}"
"oDo6YkHxGmjP","{""age"":""45""}"
"oDo6YkHxGmjP","{""gender"":""male""}"
"oDo6YkHxGmjP","{""handedness"":""right-handed""}"
"oDo6YkHxGmjP","{""comments"":""""}"
"zcVs08nOJJkd","{""age"":""47""}"
"zcVs08nOJJkd","{""gender"":""female""}"
"zcVs08nOJJkd","{""handedness"":""right-handed""}"
"zcVs08nOJJkd","{""comments"":""""}"
"m4vRrjgh4nCU","{""age"":""51""}"
"m4vRrjgh4nCU","{""gender"":""female""}"
"m4vRrjgh4nCU","{""handedness"":""left-handed""}"
"m4vRrjgh4nCU","{""comments"":""I enjoyed this experiment""}"
"x90WakCLHiWm","{""age"":""45""}"
"x90WakCLHiWm","{""gender"":""male""}"
"x90WakCLHiWm","{""handedness"":""right-handed""}"
"x90WakCLHiWm","{""comments"":""no""}"
"G6hrcfJDdzzz","{""age"":""41""}"
"G6hrcfJDdzzz","{""gender"":""female""}"
"G6hrcfJDdzzz","{""handedness"":""right-handed""}"
"G6hrcfJDdzzz","{""comments"":""""}"
"eDeInvp3MHgO","{""age"":""51""}"
"eDeInvp3MHgO","{""gender"":""male""}"
"eDeInvp3MHgO","{""handedness"":""right-handed""}"
"eDeInvp3MHgO","{""comments"":""""}"
"x89UebKQqRhF","{""age"":""41""}"
"x89UebKQqRhF","{""gender"":""female""}"
"x89UebKQqRhF","{""handedness"":""right-handed""}"
"x89UebKQqRhF","{""comments"":""""}"
"rUPaNLq750dd","{""age"":""47""}"
"rUPaNLq750dd","{""gender"":""female""}"
"rUPaNLq750dd","{""handedness"":""left-handed""}"
"rUPaNLq750dd","{""comments"":""""}"
"VcoaIJkorQBm","{""age"":""47""}"
"VcoaIJkorQBm","{""gender"":""male""}"
"VcoaIJkorQBm","{""handedness"":""right-handed""}"
"VcoaIJkorQBm","{""comments"":""Interesting - thanks! ""}"
"7rEwK0Ayyifj","{""age"":""48""}"
"7rEwK0Ayyifj","{""gender"":""male""}"
"7rEwK0Ayyifj","{""handedness"":""right-handed""}"
"7rEwK0Ayyifj","{""comments"":""""}"
"bVcpsjQimbHq","{""age"":""41""}"
"bVcpsjQimbHq","{""gender"":""male""}"
"bVcpsjQimbHq","{""handedness"":""right-handed""}"
"bVcpsjQimbHq","{""comments"":""""}"
"kmpeZyy9Nfpa","{""age"":""44""}"
"kmpeZyy9Nfpa","{""gender"":""male""}"
"kmpeZyy9Nfpa","{""handedness"":""right-handed""}"
"kmpeZyy9Nfpa","{""comments"":""""}"
"7e4Ved4snrqu","{""age"":""48""}"
"7e4Ved4snrqu","{""gender"":""female""}"
"7e4Ved4snrqu","{""handedness"":""right-handed""}"
"7e4Ved4snrqu","{""comments"":""no""}"
"JXBgGp9tCcBL","{""age"":""42""}"
"JXBgGp9tCcBL","{""gender"":""male""}"
"JXBgGp9tCcBL","{""handedness"":""right-handed""}"
"JXBgGp9tCcBL","{""comments"":""""}"
"p4T4CurMyDYz","{""age"":""48""}"
"p4T4CurMyDYz","{""gender"":""female""}"
"p4T4CurMyDYz","{""handedness"":""right-handed""}"
"p4T4CurMyDYz","{""comments"":""""}"
"A2U0lBwXgdke","{""age"":""47""}"
"A2U0lBwXgdke","{""gender"":""male""}"
"A2U0lBwXgdke","{""handedness"":""right-handed""}"
"A2U0lBwXgdke","{""comments"":""""}"
"rHLSygoswbgV","{""age"":""42""}"
"rHLSygoswbgV","{""gender"":""female""}"
"rHLSygoswbgV","{""handedness"":""right-handed""}"
"rHLSygoswbgV","{""comments"":""""}"
"vLDpBNsolzCR","{""age"":""48""}"
"vLDpBNsolzCR","{""gender"":""female""}"
"vLDpBNsolzCR","{""handedness"":""left-handed""}"
"vLDpBNsolzCR","{""comments"":""""}"
"k3ZOYzsDzgTA","{""age"":""43""}"
"k3ZOYzsDzgTA","{""gender"":""female""}"
"k3ZOYzsDzgTA","{""handedness"":""left-handed""}"
"k3ZOYzsDzgTA","{""comments"":""""}"
"aOCEDdTgDCfE","{""age"":""49""}"
"aOCEDdTgDCfE","{""gender"":""female""}"
"aOCEDdTgDCfE","{""handedness"":""ambidextrous""}"
"aOCEDdTgDCfE","{""comments"":""""}"
"AXE6RepseWoZ","{""age"":""43""}"
"AXE6RepseWoZ","{""gender"":""female""}"
"AXE6RepseWoZ","{""handedness"":""ambidextrous""}"
"AXE6RepseWoZ","{""comments"":""""}"
"ciu9VCre2EuL","{""age"":""41""}"
"ciu9VCre2EuL","{""gender"":""female""}"
"ciu9VCre2EuL","{""handedness"":""left-handed""}"
"ciu9VCre2EuL","{""comments"":""""}"
"OTdEWZFVz1QJ","{""age"":""50""}"
"OTdEWZFVz1QJ","{""gender"":""female""}"
"OTdEWZFVz1QJ","{""handedness"":""right-handed""}"
"OTdEWZFVz1QJ","{""comments"":""""}"
"1JsE3vZYJ1kg","{""age"":""44""}"
"1JsE3vZYJ1kg","{""gender"":""male""}"
"1JsE3vZYJ1kg","{""handedness"":""right-handed""}"
"1JsE3vZYJ1kg","{""comments"":""""}"
"NsS8KDouaEdL","{""age"":""42""}"
"NsS8KDouaEdL","{""gender"":""female""}"
"NsS8KDouaEdL","{""handedness"":""right-handed""}"
"NsS8KDouaEdL","{""comments"":""""}"
"RSXhywDXwo1T","{""age"":""45""}"
"RSXhywDXwo1T","{""gender"":""male""}"
"RSXhywDXwo1T","{""handedness"":""right-handed""}"
"RSXhywDXwo1T","{""comments"":""""}"
"kBNA88FPKU35","{""age"":""40""}"
"kBNA88FPKU35","{""gender"":""male""}"
"kBNA88FPKU35","{""handedness"":""right-handed""}"
"kBNA88FPKU35","{""comments"":""""}"
"ySEJp35oKeI1","{""age"":""38""}"
"ySEJp35oKeI1","{""gender"":""female""}"
"ySEJp35oKeI1","{""handedness"":""right-handed""}"
"ySEJp35oKeI1","{""comments"":""""}"
"JxQEy23TMfd6","{""age"":""44""}"
"JxQEy23TMfd6","{""gender"":""female""}"
"JxQEy23TMfd6","{""handedness"":""left-handed""}"
"JxQEy23TMfd6","{""comments"":""""}"
"rL6qqYSgPytq","{""age"":""46""}"
"rL6qqYSgPytq","{""gender"":""male""}"
"rL6qqYSgPytq","{""handedness"":""right-handed""}"
"rL6qqYSgPytq","{""comments"":""""}"
"ehLl9aghvveh","{""age"":""43""}"
"ehLl9aghvveh","{""gender"":""male""}"
"ehLl9aghvveh","{""handedness"":""right-handed""}"
"ehLl9aghvveh","{""comments"":""""}"
"Gq5bkTKYrvrh","{""age"":""42""}"
"Gq5bkTKYrvrh","{""gender"":""male""}"
"Gq5bkTKYrvrh","{""handedness"":""right-handed""}"
"Gq5bkTKYrvrh","{""comments"":""""}"
"Q3BORaFbsiM4","{""age"":""45""}"
"Q3BORaFbsiM4","{""gender"":""male""}"
"Q3BORaFbsiM4","{""handedness"":""right-handed""}"
"Q3BORaFbsiM4","{""comments"":""N/A""}"
"S6toRa4AQvtk","{""age"":""50""}"
"S6toRa4AQvtk","{""gender"":""male""}"
"S6toRa4AQvtk","{""handedness"":""right-handed""}"
"S6toRa4AQvtk","{""comments"":""""}"
"q9edbqM25EeQ","{""age"":""42""}"
"q9edbqM25EeQ","{""gender"":""male""}"
"q9edbqM25EeQ","{""handedness"":""left-handed""}"
"q9edbqM25EeQ","{""comments"":""fantastic study""}"
"qw3jlxzTMjMG","{""age"":""41""}"
"qw3jlxzTMjMG","{""gender"":""male""}"
"qw3jlxzTMjMG","{""handedness"":""right-handed""}"
"qw3jlxzTMjMG","{""comments"":""""}"
"ShnSELTg2J8P","{""age"":""41""}"
"ShnSELTg2J8P","{""gender"":""female""}"
"ShnSELTg2J8P","{""handedness"":""right-handed""}"
"ShnSELTg2J8P","{""comments"":""""}"
"dd7CuZO8UIxg","{""age"":""51""}"
"dd7CuZO8UIxg","{""gender"":""male""}"
"dd7CuZO8UIxg","{""handedness"":""right-handed""}"
"dd7CuZO8UIxg","{""comments"":""The study was good. No questions at this time. Thank you,""}"
"NPmoqg5Etl4U","{""age"":""42""}"
"NPmoqg5Etl4U","{""gender"":""male""}"
"NPmoqg5Etl4U","{""handedness"":""right-handed""}"
"NPmoqg5Etl4U","{""comments"":""no. Thank you""}"
"F4tfLmjtRVyH","{""age"":""42""}"
"F4tfLmjtRVyH","{""gender"":""male""}"
"F4tfLmjtRVyH","{""handedness"":""ambidextrous""}"
"F4tfLmjtRVyH","{""comments"":""none, thank you""}"
"waM9cFlFqBy1","{""age"":""40""}"
"waM9cFlFqBy1","{""gender"":""female""}"
"waM9cFlFqBy1","{""handedness"":""right-handed""}"
"waM9cFlFqBy1","{""comments"":""""}"
"NS1naWT6nlOk","{""age"":""52""}"
"NS1naWT6nlOk","{""gender"":""female""}"
"NS1naWT6nlOk","{""handedness"":""left-handed""}"
"NS1naWT6nlOk","{""comments"":""""}"
"zWlomtR1JXXK","{""age"":""60""}"
"zWlomtR1JXXK","{""gender"":""female""}"
"zWlomtR1JXXK","{""handedness"":""right-handed""}"
"zWlomtR1JXXK","{""comments"":""no""}"
"snBQwP49IP4T","{""age"":""54""}"
"snBQwP49IP4T","{""gender"":""female""}"
"snBQwP49IP4T","{""handedness"":""right-handed""}"
"snBQwP49IP4T","{""comments"":""No comments""}"
"RvZ6pPZWpwBr","{""age"":""63""}"
"RvZ6pPZWpwBr","{""gender"":""male""}"
"RvZ6pPZWpwBr","{""handedness"":""right-handed""}"
"RvZ6pPZWpwBr","{""comments"":""I was annoyed that I made a couple of mistakes.""}"
"okP3XqEil2JX","{""age"":""52""}"
"okP3XqEil2JX","{""gender"":""female""}"
"okP3XqEil2JX","{""handedness"":""right-handed""}"
"okP3XqEil2JX","{""comments"":""""}"
"ycXRu0H8U30S","{""age"":""53""}"
"ycXRu0H8U30S","{""gender"":""female""}"
"ycXRu0H8U30S","{""handedness"":""right-handed""}"
"ycXRu0H8U30S","{""comments"":""""}"
"wZLHENL1u8Pp","{""age"":""52""}"
"wZLHENL1u8Pp","{""gender"":""female""}"
"wZLHENL1u8Pp","{""handedness"":""right-handed""}"
"wZLHENL1u8Pp","{""comments"":""""}"
"8DasdvscOnZH","{""age"":""60""}"
"8DasdvscOnZH","{""gender"":""male""}"
"8DasdvscOnZH","{""handedness"":""right-handed""}"
"8DasdvscOnZH","{""comments"":""""}"
"JJlSQ0unAA12","{""age"":""53""}"
"JJlSQ0unAA12","{""gender"":""female""}"
"JJlSQ0unAA12","{""handedness"":""right-handed""}"
"JJlSQ0unAA12","{""comments"":""""}"
"WNf4UfxzTrx3","{""age"":""56""}"
"WNf4UfxzTrx3","{""gender"":""male""}"
"WNf4UfxzTrx3","{""handedness"":""right-handed""}"
"WNf4UfxzTrx3","{""comments"":""""}"
"tmSqI7GBOgNw","{""age"":""63""}"
"tmSqI7GBOgNw","{""gender"":""female""}"
"tmSqI7GBOgNw","{""handedness"":""right-handed""}"
"tmSqI7GBOgNw","{""comments"":""""}"
"LxO3sXs6w1cD","{""age"":""53""}"
"LxO3sXs6w1cD","{""gender"":""female""}"
"LxO3sXs6w1cD","{""handedness"":""right-handed""}"
"LxO3sXs6w1cD","{""comments"":""""}"
"q7Enzo5xhVnw","{""age"":""56""}"
"q7Enzo5xhVnw","{""gender"":""male""}"
"q7Enzo5xhVnw","{""handedness"":""right-handed""}"
"q7Enzo5xhVnw","{""comments"":""""}"
"dWhzBOAiAILA","{""age"":""55""}"
"dWhzBOAiAILA","{""gender"":""female""}"
"dWhzBOAiAILA","{""handedness"":""right-handed""}"
"dWhzBOAiAILA","{""comments"":""No""}"
"RZiYIoGOGrsp","{""age"":""52""}"
"RZiYIoGOGrsp","{""gender"":""female""}"
"RZiYIoGOGrsp","{""handedness"":""right-handed""}"
"RZiYIoGOGrsp","{""comments"":""""}"
"LwJijKAO5SL3","{""age"":""55""}"
"LwJijKAO5SL3","{""gender"":""male""}"
"LwJijKAO5SL3","{""handedness"":""right-handed""}"
"LwJijKAO5SL3","{""comments"":""""}"
"ZrEF29W8346p","{""age"":""55""}"
"ZrEF29W8346p","{""gender"":""male""}"
"ZrEF29W8346p","{""handedness"":""right-handed""}"
"ZrEF29W8346p","{""comments"":""""}"
"GKGKvuCZYbEd","{""age"":""62""}"
"GKGKvuCZYbEd","{""gender"":""female""}"
"GKGKvuCZYbEd","{""handedness"":""right-handed""}"
"GKGKvuCZYbEd","{""comments"":""""}"
"ESRIcpEs3LNC","{""age"":""57""}"
"ESRIcpEs3LNC","{""gender"":""male""}"
"ESRIcpEs3LNC","{""handedness"":""right-handed""}"
"ESRIcpEs3LNC","{""comments"":""No""}"
"m1LUUKvNSXP2","{""age"":""64""}"
"m1LUUKvNSXP2","{""gender"":""male""}"
"m1LUUKvNSXP2","{""handedness"":""right-handed""}"
"m1LUUKvNSXP2","{""comments"":""""}"
"SOjVPjHj1792","{""age"":""53""}"
"SOjVPjHj1792","{""gender"":""male""}"
"SOjVPjHj1792","{""handedness"":""right-handed""}"
"SOjVPjHj1792","{""comments"":""""}"
"eZ0ijJyWutYM","{""age"":""61""}"
"eZ0ijJyWutYM","{""gender"":""female""}"
"eZ0ijJyWutYM","{""handedness"":""right-handed""}"
"eZ0ijJyWutYM","{""comments"":""""}"
"Ko4nOvsrx7vZ","{""age"":""57""}"
"Ko4nOvsrx7vZ","{""gender"":""male""}"
"Ko4nOvsrx7vZ","{""handedness"":""right-handed""}"
"Ko4nOvsrx7vZ","{""comments"":""""}"
"a0MjsXf6SypD","{""age"":""52""}"
"a0MjsXf6SypD","{""gender"":""male""}"
"a0MjsXf6SypD","{""handedness"":""right-handed""}"
"a0MjsXf6SypD","{""comments"":""no""}"
"2tBQSrGCwDcA","{""age"":""59""}"
"2tBQSrGCwDcA","{""gender"":""female""}"
"2tBQSrGCwDcA","{""handedness"":""right-handed""}"
"2tBQSrGCwDcA","{""comments"":""""}"
"8uRscyMhi15C","{""age"":""53""}"
"8uRscyMhi15C","{""gender"":""female""}"
"8uRscyMhi15C","{""handedness"":""right-handed""}"
"8uRscyMhi15C","{""comments"":""""}"
"AIRwviQRlBm7","{""age"":""62""}"
"AIRwviQRlBm7","{""gender"":""female""}"
"AIRwviQRlBm7","{""handedness"":""right-handed""}"
"AIRwviQRlBm7","{""comments"":""It made my heart race increase during the colours sections""}"
"ahwNAgi4MqFJ","{""age"":""56""}"
"ahwNAgi4MqFJ","{""gender"":""female""}"
"ahwNAgi4MqFJ","{""handedness"":""ambidextrous""}"
"ahwNAgi4MqFJ","{""comments"":""I knew when I made a mistake, but it went so fast. I was able to follow the strict rule even though I disagreed in principle""}"
"fFwV6rxhs9MM","{""age"":""62""}"
"fFwV6rxhs9MM","{""gender"":""male""}"
"fFwV6rxhs9MM","{""handedness"":""right-handed""}"
"fFwV6rxhs9MM","{""comments"":""Fun thanks.""}"
"PVmhIAirN5dZ","{""age"":""60""}"
"PVmhIAirN5dZ","{""gender"":""female""}"
"PVmhIAirN5dZ","{""handedness"":""right-handed""}"
"PVmhIAirN5dZ","{""comments"":""""}"
"0dKLhxO7HLIg","{""age"":""57""}"
"0dKLhxO7HLIg","{""gender"":""male""}"
"0dKLhxO7HLIg","{""handedness"":""right-handed""}"
"0dKLhxO7HLIg","{""comments"":""""}"
"7VFalRgg47wt","{""age"":""61""}"
"7VFalRgg47wt","{""gender"":""male""}"
"7VFalRgg47wt","{""handedness"":""right-handed""}"
"7VFalRgg47wt","{""comments"":""""}"
"YQmHwnaGslEc","{""age"":""54""}"
"YQmHwnaGslEc","{""gender"":""male""}"
"YQmHwnaGslEc","{""handedness"":""left-handed""}"
"YQmHwnaGslEc","{""comments"":""""}"
"MRNxFAYVPWNb","{""age"":""35""}"
"MRNxFAYVPWNb","{""gender"":""female""}"
"MRNxFAYVPWNb","{""handedness"":""right-handed""}"
"MRNxFAYVPWNb","{""comments"":""""}"
"b4LSaAgkBnpe","{""age"":""60""}"
"b4LSaAgkBnpe","{""gender"":""female""}"
"b4LSaAgkBnpe","{""handedness"":""right-handed""}"
"b4LSaAgkBnpe","{""comments"":""I really enjoyed this study it was fun""}"
"z2NouFWkFcYT","{""age"":""52""}"
"z2NouFWkFcYT","{""gender"":""female""}"
"z2NouFWkFcYT","{""handedness"":""right-handed""}"
"z2NouFWkFcYT","{""comments"":""""}"
"7LbA6u1O0epF","{""age"":""63""}"
"7LbA6u1O0epF","{""gender"":""female""}"
"7LbA6u1O0epF","{""handedness"":""right-handed""}"
"7LbA6u1O0epF","{""comments"":""I really enjoyed this study and hope my input was helpful""}"
"T1B4kprlpwjX","{""age"":""58""}"
"T1B4kprlpwjX","{""gender"":""male""}"
"T1B4kprlpwjX","{""handedness"":""right-handed""}"
"T1B4kprlpwjX","{""comments"":""no""}"
"CrA5Y6zHDr6q","{""age"":""53""}"
"CrA5Y6zHDr6q","{""gender"":""female""}"
"CrA5Y6zHDr6q","{""handedness"":""right-handed""}"
"CrA5Y6zHDr6q","{""comments"":""""}"
"iKcdKm3ERLMI","{""age"":""58""}"
"iKcdKm3ERLMI","{""gender"":""male""}"
"iKcdKm3ERLMI","{""handedness"":""right-handed""}"
"iKcdKm3ERLMI","{""comments"":""i was aware (too late) that i made errors ""}"
"cJqlDzjwWBTL","{""age"":""59""}"
"cJqlDzjwWBTL","{""gender"":""male""}"
"cJqlDzjwWBTL","{""handedness"":""left-handed""}"
"cJqlDzjwWBTL","{""comments"":""""}"
"BU1wSaAsbGKN","{""age"":""59""}"
"BU1wSaAsbGKN","{""gender"":""male""}"
"BU1wSaAsbGKN","{""handedness"":""right-handed""}"
"BU1wSaAsbGKN","{""comments"":""Nil""}"
"UE3FTa1HFzma","{""age"":""53""}"
"UE3FTa1HFzma","{""gender"":""female""}"
"UE3FTa1HFzma","{""handedness"":""left-handed""}"
"UE3FTa1HFzma","{""comments"":""Study too long and too much repititions""}"
"cJNpkwdTrvak","{""age"":""54""}"
"cJNpkwdTrvak","{""gender"":""female""}"
"cJNpkwdTrvak","{""handedness"":""right-handed""}"
"cJNpkwdTrvak","{""comments"":""none""}"
"blC1BDMbpL5o","{""age"":""63""}"
"blC1BDMbpL5o","{""gender"":""female""}"
"blC1BDMbpL5o","{""handedness"":""right-handed""}"
"blC1BDMbpL5o","{""comments"":""""}"
"PtTOUtrDETU2","{""age"":""57""}"
"PtTOUtrDETU2","{""gender"":""female""}"
"PtTOUtrDETU2","{""handedness"":""right-handed""}"
"PtTOUtrDETU2","{""comments"":""""}"
"wSeuRoknC8ch","{""age"":""57""}"
"wSeuRoknC8ch","{""gender"":""female""}"
"wSeuRoknC8ch","{""handedness"":""right-handed""}"
"wSeuRoknC8ch","{""comments"":""""}"
"q6VE9FnT5B6N","{""age"":""52""}"
"q6VE9FnT5B6N","{""gender"":""male""}"
"q6VE9FnT5B6N","{""handedness"":""right-handed""}"
"q6VE9FnT5B6N","{""comments"":""""}"
"L5ggKwLYjb68","{""age"":""60""}"
"L5ggKwLYjb68","{""gender"":""female""}"
"L5ggKwLYjb68","{""handedness"":""right-handed""}"
"L5ggKwLYjb68","{""comments"":""No""}"
"wQRu7JATRJNx","{""age"":""52""}"
"wQRu7JATRJNx","{""gender"":""male""}"
"wQRu7JATRJNx","{""handedness"":""right-handed""}"
"wQRu7JATRJNx","{""comments"":""""}"
"XSEZzEWYGJLk","{""age"":""52""}"
"XSEZzEWYGJLk","{""gender"":""male""}"
"XSEZzEWYGJLk","{""handedness"":""right-handed""}"
"XSEZzEWYGJLk","{""comments"":""no""}"
"O9iyhPSC9UNG","{""age"":""54""}"
"O9iyhPSC9UNG","{""gender"":""male""}"
"O9iyhPSC9UNG","{""handedness"":""right-handed""}"
"O9iyhPSC9UNG","{""comments"":""""}"
"Fwfs9BV0abtE","{""age"":""52""}"
"Fwfs9BV0abtE","{""gender"":""male""}"
"Fwfs9BV0abtE","{""handedness"":""right-handed""}"
"Fwfs9BV0abtE","{""comments"":""""}"
"MnIS8Nv86rDH","{""age"":""54""}"
"MnIS8Nv86rDH","{""gender"":""male""}"
"MnIS8Nv86rDH","{""handedness"":""right-handed""}"
"MnIS8Nv86rDH","{""comments"":""I really enjoyed the survey""}"
"vFxayV5FCsej","{""age"":""53""}"
"vFxayV5FCsej","{""gender"":""male""}"
"vFxayV5FCsej","{""handedness"":""right-handed""}"
"vFxayV5FCsej","{""comments"":""""}"
"mdeNJ7xMfrtV","{""age"":""57""}"
"mdeNJ7xMfrtV","{""gender"":""female""}"
"mdeNJ7xMfrtV","{""handedness"":""left-handed""}"
"mdeNJ7xMfrtV","{""comments"":""interesting to complete""}"
"N8o9oodQVQ7A","{""age"":""63""}"
"N8o9oodQVQ7A","{""gender"":""female""}"
"N8o9oodQVQ7A","{""handedness"":""right-handed""}"
"N8o9oodQVQ7A","{""comments"":""""}"
"JKMipX17K1CX","{""age"":""64""}"
"JKMipX17K1CX","{""gender"":""female""}"
"JKMipX17K1CX","{""handedness"":""right-handed""}"
"JKMipX17K1CX","{""comments"":""""}"
"V2iKbZ6ab2i3","{""age"":""53""}"
"V2iKbZ6ab2i3","{""gender"":""male""}"
"V2iKbZ6ab2i3","{""handedness"":""right-handed""}"
"V2iKbZ6ab2i3","{""comments"":""""}"
"whxHkWRSKuWz","{""age"":""73""}"
"whxHkWRSKuWz","{""gender"":""male""}"
"whxHkWRSKuWz","{""handedness"":""right-handed""}"
"whxHkWRSKuWz","{""comments"":""no""}"
"3cYeSy6nNKsy","{""age"":""77""}"
"3cYeSy6nNKsy","{""gender"":""female""}"
"3cYeSy6nNKsy","{""handedness"":""right-handed""}"
"3cYeSy6nNKsy","{""comments"":""""}"
"8CAxvXCwUa0U","{""age"":""64""}"
"8CAxvXCwUa0U","{""gender"":""male""}"
"8CAxvXCwUa0U","{""handedness"":""right-handed""}"
"8CAxvXCwUa0U","{""comments"":""""}"
"hhL5fV0jIerQ","{""age"":""66""}"
"hhL5fV0jIerQ","{""gender"":""female""}"
"hhL5fV0jIerQ","{""handedness"":""right-handed""}"
"hhL5fV0jIerQ","{""comments"":""""}"
"zXOGiLFfyJhz","{""age"":""67""}"
"zXOGiLFfyJhz","{""gender"":""male""}"
"zXOGiLFfyJhz","{""handedness"":""right-handed""}"
"zXOGiLFfyJhz","{""comments"":""""}"
"CfI5LUIFPlL9","{""age"":""70""}"
"CfI5LUIFPlL9","{""gender"":""male""}"
"CfI5LUIFPlL9","{""handedness"":""right-handed""}"
"CfI5LUIFPlL9","{""comments"":""""}"
"XtSiq5WNszaF","{""age"":""76""}"
"XtSiq5WNszaF","{""gender"":""male""}"
"XtSiq5WNszaF","{""handedness"":""right-handed""}"
"XtSiq5WNszaF","{""comments"":""""}"
"xOa6wldDsMpL","{""age"":""65""}"
"xOa6wldDsMpL","{""gender"":""male""}"
"xOa6wldDsMpL","{""handedness"":""right-handed""}"
"xOa6wldDsMpL","{""comments"":""""}"
"lSeJlQU3GsUD","{""age"":""72""}"
"lSeJlQU3GsUD","{""gender"":""male""}"
"lSeJlQU3GsUD","{""handedness"":""right-handed""}"
"lSeJlQU3GsUD","{""comments"":""""}"
"RwiohLnng3gZ","{""age"":""54""}"
"RwiohLnng3gZ","{""gender"":""male""}"
"RwiohLnng3gZ","{""handedness"":""right-handed""}"
"RwiohLnng3gZ","{""comments"":""This was very fun. Thanks for letting me participate.""}"
"fsGKMy40y93K","{""age"":""69""}"
"fsGKMy40y93K","{""gender"":""male""}"
"fsGKMy40y93K","{""handedness"":""right-handed""}"
"fsGKMy40y93K","{""comments"":""none""}"
"jhGoNc3Dxghs","{""age"":""64""}"
"jhGoNc3Dxghs","{""gender"":""female""}"
"jhGoNc3Dxghs","{""handedness"":""right-handed""}"
"jhGoNc3Dxghs","{""comments"":""That was fun!""}"
"ns4mggEJcMAP","{""age"":""67""}"
"ns4mggEJcMAP","{""gender"":""male""}"
"ns4mggEJcMAP","{""handedness"":""left-handed""}"
"ns4mggEJcMAP","{""comments"":""""}"
"IUWLcNq4PnUr","{""age"":""64""}"
"IUWLcNq4PnUr","{""gender"":""male""}"
"IUWLcNq4PnUr","{""handedness"":""left-handed""}"
"IUWLcNq4PnUr","{""comments"":""""}"
"kVGEZeFUoyt0","{""age"":""53""}"
"kVGEZeFUoyt0","{""gender"":""male""}"
"kVGEZeFUoyt0","{""handedness"":""right-handed""}"
"kVGEZeFUoyt0","{""comments"":""no comment""}"
"kVfYHgFjHAdv","{""age"":""63""}"
"kVfYHgFjHAdv","{""gender"":""male""}"
"kVfYHgFjHAdv","{""handedness"":""right-handed""}"
"kVfYHgFjHAdv","{""comments"":""NO""}"
"rJU1MrXxVNYd","{""age"":""65""}"
"rJU1MrXxVNYd","{""gender"":""male""}"
"rJU1MrXxVNYd","{""handedness"":""left-handed""}"
"rJU1MrXxVNYd","{""comments"":""""}"
"7sXTPcPWjufy","{""age"":""67""}"
"7sXTPcPWjufy","{""gender"":""female""}"
"7sXTPcPWjufy","{""handedness"":""right-handed""}"
"7sXTPcPWjufy","{""comments"":""Survey was a bit lengthy.""}"
"Iwc7R0DoFiRY","{""age"":""33""}"
"Iwc7R0DoFiRY","{""gender"":""male""}"
"Iwc7R0DoFiRY","{""handedness"":""right-handed""}"
"Iwc7R0DoFiRY","{""comments"":""I answered the questions literally. In reality if a man after a glass of wine, drove someone to a hospital in an emergency. I have no personal issue with it. However, I selected against the rules as that is technically true.""}"
"fAVwm602ATlG","{""age"":""75""}"
"fAVwm602ATlG","{""gender"":""male""}"
"fAVwm602ATlG","{""handedness"":""right-handed""}"
"fAVwm602ATlG","{""comments"":""no""}"
"Gu68QshNIzdr","{""age"":""66""}"
"Gu68QshNIzdr","{""gender"":""male""}"
"Gu68QshNIzdr","{""handedness"":""right-handed""}"
"Gu68QshNIzdr","{""comments"":""""}"
"38ONICwnh7l6","{""age"":""64""}"
"38ONICwnh7l6","{""gender"":""male""}"
"38ONICwnh7l6","{""handedness"":""left-handed""}"
"38ONICwnh7l6","{""comments"":""Very Good""}"
"DN0VVtDWo5ah","{""age"":""64""}"
"DN0VVtDWo5ah","{""gender"":""male""}"
"DN0VVtDWo5ah","{""handedness"":""right-handed""}"
"DN0VVtDWo5ah","{""comments"":""it was hard using the RGBY letters in the color test better if spread out more""}"
"mJ1uQ3n1X6Y2","{""age"":""78""}"
"mJ1uQ3n1X6Y2","{""gender"":""female""}"
"mJ1uQ3n1X6Y2","{""handedness"":""right-handed""}"
"mJ1uQ3n1X6Y2","{""comments"":""""}"
"lcFYZ5nyIouL","{""age"":""68""}"
"lcFYZ5nyIouL","{""gender"":""male""}"
"lcFYZ5nyIouL","{""handedness"":""right-handed""}"
"lcFYZ5nyIouL","{""comments"":""""}"
"o09Qj5q3xjep","{""age"":""65""}"
"o09Qj5q3xjep","{""gender"":""female""}"
"o09Qj5q3xjep","{""handedness"":""right-handed""}"
"o09Qj5q3xjep","{""comments"":""Interesting to do""}"
"LU5nXtNTMzuq","{""age"":""57""}"
"LU5nXtNTMzuq","{""gender"":""male""}"
"LU5nXtNTMzuq","{""handedness"":""left-handed""}"
"LU5nXtNTMzuq","{""comments"":""""}"
"wYBTP91YDGzz","{""age"":""68""}"
"wYBTP91YDGzz","{""gender"":""female""}"
"wYBTP91YDGzz","{""handedness"":""right-handed""}"
"wYBTP91YDGzz","{""comments"":""interesting ""}"
"g6QCfVuwdw9I","{""age"":""77""}"
"g6QCfVuwdw9I","{""gender"":""female""}"
"g6QCfVuwdw9I","{""handedness"":""right-handed""}"
"g6QCfVuwdw9I","{""comments"":""""}"
"a4RKR9VvEmXm","{""age"":""64""}"
"a4RKR9VvEmXm","{""gender"":""female""}"
"a4RKR9VvEmXm","{""handedness"":""right-handed""}"
"a4RKR9VvEmXm","{""comments"":""""}"
"FE3j4wjeKx4O","{""age"":""64""}"
"FE3j4wjeKx4O","{""gender"":""female""}"
"FE3j4wjeKx4O","{""handedness"":""right-handed""}"
"FE3j4wjeKx4O","{""comments"":""The practice questions moved too quickly for me (I didn't know that hitting any key would start things), but I totally got the hang of things on the real tests.""}"
"NPJheUUMXvzs","{""age"":""66""}"
"NPJheUUMXvzs","{""gender"":""female""}"
"NPJheUUMXvzs","{""handedness"":""right-handed""}"
"NPJheUUMXvzs","{""comments"":""""}"
"LXiIOpiMAP7t","{""age"":""64""}"
"LXiIOpiMAP7t","{""gender"":""female""}"
"LXiIOpiMAP7t","{""handedness"":""right-handed""}"
"LXiIOpiMAP7t","{""comments"":""""}"
"H2RmQueYzr0z","{""age"":""64""}"
"H2RmQueYzr0z","{""gender"":""female""}"
"H2RmQueYzr0z","{""handedness"":""right-handed""}"
"H2RmQueYzr0z","{""comments"":""no""}"
"eDGfd0Tce4aK","{""age"":""66""}"
"eDGfd0Tce4aK","{""gender"":""female""}"
"eDGfd0Tce4aK","{""handedness"":""right-handed""}"
"eDGfd0Tce4aK","{""comments"":""""}"
"tLbVjmvkydgx","{""age"":""76""}"
"tLbVjmvkydgx","{""gender"":""female""}"
"tLbVjmvkydgx","{""handedness"":""right-handed""}"
"tLbVjmvkydgx","{""comments"":""May I take it over?""}"
"PXznOFOu2RqU","{""age"":""65""}"
"PXznOFOu2RqU","{""gender"":""female""}"
"PXznOFOu2RqU","{""handedness"":""left-handed""}"
"PXznOFOu2RqU","{""comments"":""""}"
"7ZeGsOE1Hty7","{""age"":""62""}"
"7ZeGsOE1Hty7","{""gender"":""male""}"
"7ZeGsOE1Hty7","{""handedness"":""right-handed""}"
"7ZeGsOE1Hty7","{""comments"":""It was enjoyable and interesting""}"
"CziTUrZ6cytl","{""age"":""38""}"
"CziTUrZ6cytl","{""gender"":""female""}"
"CziTUrZ6cytl","{""handedness"":""right-handed""}"
"CziTUrZ6cytl","{""comments"":""""}"
"N4AqZkEf0lT5","{""age"":""65""}"
"N4AqZkEf0lT5","{""gender"":""female""}"
"N4AqZkEf0lT5","{""handedness"":""right-handed""}"
"N4AqZkEf0lT5","{""comments"":""""}"
"Gn7u9w5RW3vb","{""age"":""64""}"
"Gn7u9w5RW3vb","{""gender"":""female""}"
"Gn7u9w5RW3vb","{""handedness"":""right-handed""}"
"Gn7u9w5RW3vb","{""comments"":""""}"
"nBbBRK38AL1I","{""age"":""67""}"
"nBbBRK38AL1I","{""gender"":""male""}"
"nBbBRK38AL1I","{""handedness"":""left-handed""}"
"nBbBRK38AL1I","{""comments"":""""}"
"CKDDuPrt5Xtc","{""age"":""73""}"
"CKDDuPrt5Xtc","{""gender"":""female""}"
"CKDDuPrt5Xtc","{""handedness"":""right-handed""}"
"CKDDuPrt5Xtc","{""comments"":""""}"
"C62uyBMuHrQo","{""age"":""31""}"
"C62uyBMuHrQo","{""gender"":""male""}"
"C62uyBMuHrQo","{""handedness"":""right-handed""}"
"C62uyBMuHrQo","{""comments"":""the timer was a bit fast, though it was awesome , i like the study""}"
"WzVA2Wc7wGGn","{""age"":""66""}"
"WzVA2Wc7wGGn","{""gender"":""male""}"
"WzVA2Wc7wGGn","{""handedness"":""right-handed""}"
"WzVA2Wc7wGGn","{""comments"":""N/A""}"
"gs29gn7YHCew","{""age"":""65""}"
"gs29gn7YHCew","{""gender"":""male""}"
"gs29gn7YHCew","{""handedness"":""right-handed""}"
"gs29gn7YHCew","{""comments"":""""}"
"f47KaAafvjHZ","{""age"":""19""}"
"f47KaAafvjHZ","{""gender"":""male""}"
"f47KaAafvjHZ","{""handedness"":""right-handed""}"
"f47KaAafvjHZ","{""comments"":""""}"
"OXBwarPaSymg","{""age"":""65""}"
"OXBwarPaSymg","{""gender"":""male""}"
"OXBwarPaSymg","{""handedness"":""right-handed""}"
"OXBwarPaSymg","{""comments"":""""}"
"HNkSJFhMpUya","{""age"":""66""}"
"HNkSJFhMpUya","{""gender"":""male""}"
"HNkSJFhMpUya","{""handedness"":""right-handed""}"
"HNkSJFhMpUya","{""comments"":""""}"
"5vGB7dZY7ce5","{""age"":""64""}"
"5vGB7dZY7ce5","{""gender"":""male""}"
"5vGB7dZY7ce5","{""handedness"":""right-handed""}"
"5vGB7dZY7ce5","{""comments"":""""}"
"5Zps5FCzl3sL","{""age"":""82""}"
"5Zps5FCzl3sL","{""gender"":""female""}"
"5Zps5FCzl3sL","{""handedness"":""right-handed""}"
"5Zps5FCzl3sL","{""comments"":""""}"
"svthPfwfsHof","{""age"":""64""}"
"svthPfwfsHof","{""gender"":""male""}"
"svthPfwfsHof","{""handedness"":""right-handed""}"
"svthPfwfsHof","{""comments"":""no""}"
"RNdYz9kUQ2pD","{""age"":""25""}"
"RNdYz9kUQ2pD","{""gender"":""male""}"
"RNdYz9kUQ2pD","{""handedness"":""right-handed""}"
"RNdYz9kUQ2pD","{""comments"":""none""}"
"l9rISdQry87Y","{""age"":""77""}"
"l9rISdQry87Y","{""gender"":""female""}"
"l9rISdQry87Y","{""handedness"":""right-handed""}"
"l9rISdQry87Y","{""comments"":""""}"
"9mAkYOvxXM4A","{""age"":""66""}"
"9mAkYOvxXM4A","{""gender"":""female""}"
"9mAkYOvxXM4A","{""handedness"":""right-handed""}"
"9mAkYOvxXM4A","{""comments"":""""}"
"SqjOkcGTLT8S","{""age"":""66""}"
"SqjOkcGTLT8S","{""gender"":""female""}"
"SqjOkcGTLT8S","{""handedness"":""right-handed""}"
"SqjOkcGTLT8S","{""comments"":""""}"
"dMIIaYK8fYRA","{""age"":""22""}"
"dMIIaYK8fYRA","{""gender"":""male""}"
"dMIIaYK8fYRA","{""handedness"":""right-handed""}"
"dMIIaYK8fYRA","{""comments"":""""}"
"Y7pZlmLimawW","{""age"":""33""}"
"Y7pZlmLimawW","{""gender"":""female""}"
"Y7pZlmLimawW","{""handedness"":""right-handed""}"
"Y7pZlmLimawW","{""comments"":""It was very interesting. The colours task was a little too confusing to react quickly to as there were too many letter keys to think about ""}"
"RC2p7cHi0sPM","{""age"":""31""}"
"RC2p7cHi0sPM","{""gender"":""female""}"
"RC2p7cHi0sPM","{""handedness"":""left-handed""}"
"RC2p7cHi0sPM","{""comments"":""""}"
"eI61TIDThu1I","{""age"":""31""}"
"eI61TIDThu1I","{""gender"":""female""}"
"eI61TIDThu1I","{""handedness"":""left-handed""}"
"eI61TIDThu1I","{""comments"":""Interesting moral dilemmas!""}"
"7LRvR70mD9R0","{""age"":""29""}"
"7LRvR70mD9R0","{""gender"":""female""}"
"7LRvR70mD9R0","{""handedness"":""left-handed""}"
"7LRvR70mD9R0","{""comments"":""""}"
"Mgt6phKwTSCZ","{""age"":""29""}"
"Mgt6phKwTSCZ","{""gender"":""male""}"
"Mgt6phKwTSCZ","{""handedness"":""right-handed""}"
"Mgt6phKwTSCZ","{""comments"":""""}"
