"","run_id","PROLIFIC_PID","complete_time_elapsed","screen_out_time_elapsed"
"1",1,"5d88db42c1d06e001a1fdcab",8.5775,NA
"2",100,"62850d0754941f925e1af397",10.3178666666667,NA
"3",102,"678af0a3161e3e871bbade54",14.427,NA
"4",106,"5c476621b521ee00019abf67",11.2989,NA
"5",108,"60d9e7e76cf2ab6d21eb5f99",10.3352166666667,NA
"6",105,"65d219ae5dfcb3e376af3e01",11.6177,NA
"7",109,"67ef9182644dae9ea4e3bb3d",17.62865,NA
"8",103,"6501bb247a918443bb34fc33",8.7785,NA
"9",11,"6633adcd500f96fcde309792",8.7491,NA
"10",107,"66e62716a40afa9a9b4d23c6",13.0390166666667,NA
"11",111,"664fa6197cd2ac12ab45da27",7.3381,NA
"12",110,"614f6bad672ef7cf5ecfd965",7.76063333333333,NA
"13",115,"67fab05a945608890ebd90cb",11.8863833333333,NA
"14",116,"65c63f9b7a891fff8a4c45a2",11.3202833333333,NA
"15",113,"5dfe8e7bdc8535b21b18ea2f",10.9048166666667,NA
"16",117,"600db78b56935a5dd8c759b3",8.69078333333333,NA
"17",114,"5f489766dbc4a2364c0f4f93",11.5261166666667,NA
"18",122,"667c3ff6cf1e7403ee07d955",6.57423333333333,NA
"19",119,"63d3ccaecce99faa457fb049",14.09,NA
"20",121,"665e13453c02a3bddea07cfd",12.5200166666667,NA
"21",118,"5c330cefca23620001b262b1",12.5419333333333,NA
"22",124,"67aa565900ece4c6137c7037",18.6693,NA
"23",125,"66bcffc3e6f77501141b3d0f",9.0576,NA
"24",12,"663cc8df4e65d79a540bed2e",18.1821166666667,NA
"25",104,"67dda86ebf9a7818d62550ac",22.5524833333333,NA
"26",128,"6637b21240220c2517fffa1a",9.41566666666667,NA
"27",13,"5f4a7a00dc1bde60ab8f7ac5",7.5341,NA
"28",131,"67018d436b1fa744dfee9df0",13.9112333333333,NA
"29",126,"675849848f0cf4eebe7cbfc7",10.2383,NA
"30",129,"5a5ec648eedc32000142ce86",15.3651666666667,NA
"31",132,"65a5418510f8dd6605fd790d",10.2657666666667,NA
"32",134,"67c51dcd7eb44426fc8fff36",12.5490833333333,NA
"33",136,"676ed8014625d5ebd417b5f2",11.6927,NA
"34",135,"67e23f61d6642c6710f62686",12.4358666666667,NA
"35",137,"678b09ceb478d5c669bb0355",21.43545,NA
"36",138,"5f4fef64fd3fc113300fbb44",10.6990333333333,NA
"37",140,"677fd8f97de41a9b7be91145",13.3848333333333,NA
"38",14,"677f2450439ced98417d88db",16.5187,NA
"39",142,"6157c19fb6a876658eba2229",16.8684833333333,NA
"40",146,"670b51569bc4cb66e1a4bdca",18.8658666666667,NA
"41",143,"65031f68de6e940396216f8a",11.4189833333333,NA
"42",144,"5d4c7acd2799110019400b6a",17.6774333333333,NA
"43",148,"64146bc4813ad1681f11ba15",13.6191333333333,NA
"44",15,"64f9db6943940e98c173b596",12.5791,NA
"45",145,"643ebfff661435ecda5a3580",14.3593166666667,NA
"46",127,"66919e2f0a86d780d3c3e591",13.60175,NA
"47",153,"65846200793d3a4a78b62802",11.6311,NA
"48",152,"5e542a0c4b7e8c42fafa7216",10.63215,NA
"49",151,"616d94407f0e63a61e856056",8.27453333333333,NA
"50",16,"60c770aa2d2928bfda4c7cd4",6.34386666666667,NA
"51",158,"67d5e3d6a8a6bc7b6665a542",10.0118833333333,NA
"52",160,"667c7880d80864f94fd000bc",11.8844833333333,NA
"53",154,"5977466b68264c0001c49088",15.4597833333333,NA
"54",155,"5f6008036ce6c010247b4463",14.2637666666667,NA
"55",159,"6165ab1d62dc48b90438ea1d",25.0573333333333,NA
"56",161,"60e45acbc927879ccc9637c4",13.6762833333333,NA
"57",162,"639cb369acdac1e599b3d97c",12.5786666666667,NA
"58",164,"5cba50bf114fa5001aac5570",13.5070166666667,NA
"59",163,"662aca04169412ae36fb7d60",12.8341666666667,NA
"60",166,"63e40cde6487028afe7bec5d",9.05245,NA
"61",167,"67f2e663124c56672ad024e7",18.1280333333333,NA
"62",168,"5dd56e51954d1952f17bb57b",13.78665,NA
"63",175,"67886a97eccd9d65d8fcfd2b",9.23441666666667,NA
"64",17,"6745f39f437c441b19285a1a",9.81523333333333,NA
"65",174,"63c5c3192e709e19fc67d5dd",10.6566,NA
"66",172,"665e750c97f12272bd9ab99e",8.3977,NA
"67",173,"67a7edd61c74e72e50fab5b0",10.58715,NA
"68",171,"60ec54c58f88686dadb1a0c9",13.98535,NA
"69",178,"6813dd9629f35dad5de66627",13.9537833333333,NA
"70",177,"659c14314dd0249b909c4c91",17.3081833333333,NA
"71",176,"5cd6c1197b871a0001b13589",12.6489,NA
"72",18,"5ba292385301b80001c71ba2",10.3807666666667,NA
"73",179,"6665cd88654aed261dac715c",12.5858,NA
"74",180,"67b1e771274d3a16c4e32358",11.93165,NA
"75",183,"651b29ff3a6cadf518640abe",10.4432333333333,NA
"76",184,"672bbb444ab4546a33718004",7.20671666666667,NA
"77",187,"5e79448b2645050ebe52051c",12.0785166666667,NA
"78",185,"6778aa34a81ab2f07e0d4c25",7.76048333333333,NA
"79",181,"5dd6b5720f8d5163ac1e876e",8.95381666666667,NA
"80",189,"670c2cc6d47a5af30e54a1b7",14.5941166666667,NA
"81",194,"5ea450a034f3aa3f543e042f",10.6621666666667,NA
"82",190,"66d7b253c64eb18aa549d79c",10.3651666666667,NA
"83",19,"6045a1851d1ba76f144dd6da",13.2409,NA
"84",193,"6727931ccaf92e0d2351962b",10.74925,NA
"85",191,"6150f3191250f2a12a607e82",7.98215,NA
"86",192,"615c9713338d0cb78c79773b",9.00853333333333,NA
"87",195,"5ff082234cfb7df5d6371e99",7.73905,NA
"88",196,"600e13b23c75bc67ab184745",10.4981,NA
"89",203,"5a381de00006450001bf2691",9.35681666666667,NA
"90",20,"5ec00f62cf12be40ea6fe344",8.03686666666667,NA
"91",199,"5dceca2541afe801a32e27ac",12.3953333333333,NA
"92",200,"67e9c5ae31da35e759d17d8f",12.2364166666667,NA
"93",202,"628bb31571a8935ee2dbd6f9",9.44076666666667,NA
"94",204,"63b18d94775ad4aad221103c",22.9865333333333,NA
"95",206,"677d99d7e6122bb726370792",16.1692,NA
"96",208,"66e9bdb86f599f239c1ea24e",10.9321833333333,NA
"97",21,"61705235c277934df17055e6",13.0613,NA
"98",209,"66293e47a3a86abb02cbefce",9.48413333333333,NA
"99",214,"651c18b7be672ec76e5f6860",11.3319333333333,NA
"100",212,"5b5df59dd113f600012de8e9",9.58155,NA
"101",215,"67e33a79585fd96d9a47f84a",17.2678666666667,NA
"102",211,"60fd8f5cb18c520d817c21be",10.5609666666667,NA
"103",213,"66d1bb695a980c3096334edc",15.3534833333333,NA
"104",210,"6673799716aa321db7d7b1af",14.6231166666667,NA
"105",218,"5a382bd65a83ff00015ae9db",12.2320833333333,NA
"106",219,"67ef1506a2ad1839add4a224",14.71495,NA
"107",22,"5efb31fa8cd32f04bf048643",8.94813333333333,NA
"108",221,"61006b0f1f3bfddb6b4c5d55",7.9358,NA
"109",222,"66fd6acd36eb80a1ea468aed",7.33635,NA
"110",220,"67612c302f90b2399522a2ba",14.0438166666667,NA
"111",230,"6602b510685c4e9b76676c36",10.1721833333333,NA
"112",225,"67cb6ffcdfb183f140c5439c",12.0530833333333,NA
"113",223,"5e34325430e5263f0bebb32d",11.77375,NA
"114",224,"67e4c4b8c49f4b9a84e4c155",17.41705,NA
"115",23,"6791934cb3e39094ae05692b",8.8849,NA
"116",227,"66018706c01e679d6442677f",13.5769833333333,NA
"117",236,"663401ce98e411fda23aede9",16.9712333333333,NA
"118",232,"67ad0af4fd4d483f81c6a5f6",11.2665166666667,NA
"119",239,"5d537c0cecc84200153075e9",7.33818333333333,NA
"120",235,"646792a49a85f35e7a7f5169",8.91536666666667,NA
"121",237,"6728bb0dd3d8b9b381868e77",11.1331333333333,NA
"122",233,"6672eee8c7d87f9253d0bdf3",9.81916666666667,NA
"123",242,"561d98e03d7fe8000b0f5e09",11.2663,NA
"124",245,"660d93e761fbbc2c4bd8e758",8.53921666666667,NA
"125",248,"66732d7c4a68a05d53e7cbaa",9.43495,NA
"126",247,"664a9aca641a2ac976457e3a",31.0487166666667,NA
"127",25,"672bb5dadc26d7849dc27b55",23.8384333333333,NA
"128",251,"5bc893a51388c20001920fba",9.33483333333333,NA
"129",249,"62b9c2f1e55fe9f17dfedc5d",9.26765,NA
"130",253,"66bf4e9bb19d166a02bd33df",10.0688,NA
"131",259,"678e6eb7170e3a5da7c4ab91",12.94205,NA
"132",257,"5ca51f05a15cb1001609491f",15.5157,NA
"133",255,"583ec287ad2f4300014b355a",6.60596666666667,NA
"134",260,"682a1996cd2cfa1f1160cb71",13.9849666666667,NA
"135",262,"67838c00a0e049fdf173f9bd",12.5666,NA
"136",265,"67d4ba7e61ab8f9deb8ffb2e",15.731,NA
"137",264,"6824de5d2062f6727f41d51d",19.4434,NA
"138",261,"672e5b801730efc4cb61259b",20.5045833333333,NA
"139",266,"5ccb779b2c4e1f00159333ea",9.40078333333333,NA
"140",269,"67e97a22653a5c0aba16efe5",12.23435,NA
"141",270,"56a914f0119265000c6e13c5",9.19078333333333,NA
"142",267,"63e5bbe4aa8fac2e51d4fe5c",10.7657666666667,NA
"143",272,"65c243c37e0d77ca70ee030e",10.18965,NA
"144",271,"6229fff149374541c22a95bf",11.0901833333333,NA
"145",274,"64b74fc78ad5beabe87e901f",10.2096,NA
"146",28,"677aaf4689e9ee96a513e479",9.0225,NA
"147",275,"676a0804e4444c09acd87d0c",14.3334833333333,NA
"148",286,"674defe885ddf3124d3846e9",7.07568333333333,NA
"149",287,"64a6e31ef9a471c4f100c91f",17.5491,NA
"150",280,"671d1dcbc6f5d2e81501e24a",9.2145,NA
"151",284,"6501f7c274092e1270832a17",12.7173333333333,NA
"152",29,"6776fdb9f2bb1472a74842a4",13.01455,NA
"153",288,"558d8d71fdf99b534f79b352",12.2986333333333,NA
"154",285,"6831dd634fd3c9734a773cd6",12.1802666666667,NA
"155",289,"682cd328bd53185cbbb59840",11.1561833333333,NA
"156",291,"5f6388bf9ae5ad07ba1a0173",11.4606666666667,NA
"157",292,"67df453b924dec242ee417f2",14.29785,NA
"158",290,"5deacc35443d0b1fe86a4f32",9.2547,NA
"159",297,"5f91a6bf59acc003a749718a",13.9758666666667,NA
"160",294,"67bdfe37cfbaa2551141486a",13.3478,NA
"161",300,"678d789825b7bb6a61559cd4",17.4613,NA
"162",3,"63d13bce0971871b9ff88f56",7.29481666666667,NA
"163",296,"6782c55ae0a031b860ac1964",13.6136,NA
"164",307,"6691bc059b0182b0bdd7d682",14.6648,NA
"165",302,"67e42a7bdae7875a883eead0",11.9238333333333,NA
"166",305,"67db79c1394397a838ce8fdd",11.9073,NA
"167",304,"60bd28cc95ab27d4f4f6ada3",10.3593833333333,NA
"168",303,"66eadc2f3e0ce992ca6d5db7",8.59276666666667,NA
"169",309,"6631236a819d589594d78907",8.88978333333333,NA
"170",31,"60fd97d86c2495cd7188ec41",11.4650666666667,NA
"171",313,"62897d2024f826ea90b7efa1",12.5995833333333,NA
"172",311,"5fe4394bc5f99b194c31318b",9.6716,NA
"173",321,"67c4d6db7736e277b8582936",16.0301833333333,NA
"174",318,"5b9efb73d1ff7a00013bfe84",8.42785,NA
"175",316,"67a8bfb2f846cd3ea9bcd898",9.30751666666667,NA
"176",32,"682c319be2a8d4ae20a79caa",12.6209333333333,NA
"177",319,"6807eed6590d3c066cf4b8ea",17.53095,NA
"178",315,"67aa80c774c81448a3876d15",16.5966166666667,NA
"179",322,"546ec14dfdf99b2bc7ebd032",11.36645,NA
"180",324,"67cee8d6088dc3c843f48e48",13.9166666666667,NA
"181",323,"66045b87ffe71e6e521f357d",7.7441,NA
"182",326,"67673cda94b4d0cf1a6a7382",8.2163,NA
"183",328,"6750a943deb98ec1d9b1893c",29.2369166666667,NA
"184",327,"66ec53e096df305784c5aa6f",22.0233166666667,NA
"185",329,"669424e6b661e0a098ec66a4",16.8805666666667,NA
"186",33,"67a577bd526d53b904219c1d",11.24245,NA
"187",332,"666e123eb6aff45cf5be575e",7.82446666666667,NA
"188",330,"67ed7edbe57ce7b9014a8400",27.0612333333333,NA
"189",331,"6012e262527c380ccb2a6c74",19.65735,NA
"190",335,"6598ad7d742e25b376094227",13.1117,NA
"191",333,"65cb7d52b59b7dd58392e0ba",18.2544166666667,NA
"192",334,"65a9315cdf44fe04344cfc4a",14.0917,NA
"193",337,"6474a3bea5c73f10d2742769",9.99905,NA
"194",336,"64045393fa09ada78f0b5301",10.9536333333333,NA
"195",338,"666149cb6a138209b157427b",29.12375,NA
"196",340,"674237456d8298ec577d6ab5",7.35685,NA
"197",341,"670f9fd0a399d73d5af41902",10.30055,NA
"198",348,"62a3be0d93b8dd1e69b4317d",8.55103333333333,NA
"199",35,"66b2a6152d3083bbaccd3431",8.3175,NA
"200",346,"66abf0c472f051b5e40cfbfd",10.4156166666667,NA
"201",342,"669dbd856a36321b0839f78e",18.026,NA
"202",344,"67e0cd48bc68859bea892c73",18.771,NA
"203",349,"5efa81523080998c396d15d7",11.0447,NA
"204",352,"680c0636408121caf12fe0d1",9.40158333333333,NA
"205",350,"663e26ccdbc470527165388b",12.2724666666667,NA
"206",353,"66042d69e26a9120236ffb4f",13.2852,NA
"207",357,"5bd612ce860b840001dc1a74",10.2743333333333,NA
"208",355,"6640be7edc706d4622dbab1c",8.75865,NA
"209",354,"6604664cb53a76971c8a1dce",14.5705833333333,NA
"210",359,"67e85a8becc5f7048616c4be",14.6383,NA
"211",361,"66f0c2c17d872e5874877985",10.8391666666667,NA
"212",36,"66b5682e53ca081f5a2d5d23",10.3061666666667,NA
"213",365,"59e62b6277860e0001512e14",10.91175,NA
"214",362,"6510e07706b5dc6a7bddb4b6",14.4791833333333,NA
"215",363,"5fb7e091a2e58b415d17ab1a",16.0854333333333,NA
"216",364,"6500aa732c4f0eb077f8c809",9.88221666666667,NA
"217",366,"6323781f75962af097c34b5e",8.9136,NA
"218",37,"60fd6618f9a377f54dcdf318",8.06823333333333,NA
"219",368,"5a01ddf3728b1b0001ad8ad0",10.1792166666667,NA
"220",369,"65dca046786b41c22b4de4e6",10.0599666666667,NA
"221",370,"5c90f1a614a676000191e223",13.1226333333333,NA
"222",367,"67ef13f21c5514bb06d4fc75",15.96785,NA
"223",371,"6294cced417fa0a733ba14a4",18.204,NA
"224",372,"62e0532289a4e5d9fedadde1",10.8947166666667,NA
"225",374,"5fba9fdd33207faa35f61df3",11.9374833333333,NA
"226",375,"65524ce2443c9df5aba5960c",18.2360666666667,NA
"227",377,"67ace39cdf7e8c6a7bef66a8",14.7429666666667,NA
"228",376,"60fa23798a416fb0d9e4ec76",15.7412833333333,NA
"229",373,"62686fdb4b7b799abadf0303",11.4688833333333,NA
"230",378,"5e7908b92d882b4b6d8fa8e1",9.97365,NA
"231",381,"60ae54561666056b2558ba4d",9.17806666666667,NA
"232",379,"61021ada16e91d9112f5ebb2",11.5758666666667,NA
"233",383,"654455ad0b76675379c66db4",9.16061666666667,NA
"234",386,"5a4ff86beedc32000141f232",10.5516166666667,NA
"235",384,"63d159652247f6445d70ec1d",10.1779333333333,NA
"236",39,"677853a510ec19bf89b5b32d",10.1318666666667,NA
"237",389,"63d40219337fe37c8de6582f",10.3575666666667,NA
"238",387,"65f5cbcd2324b8dd6f3ff42d",9.6127,NA
"239",392,"5f2dfc9bcae87215c17d34d4",11.2078833333333,NA
"240",391,"5992cb48de755e000116b084",13.8893166666667,NA
"241",394,"5e27fa29d91131a0838c9571",10.1707333333333,NA
"242",395,"66c6d6e031937c73ad6848b3",12.60615,NA
"243",396,"6542c81d37666b59c34d1b65",9.6264,NA
"244",41,"65ef444cc7c7a97ca2802263",12.6656,NA
"245",398,"62a74fec726aac54b9e43d75",13.0450833333333,NA
"246",4,"6772be1363ec1102cc8bc48d",11.8617,NA
"247",397,"67558204d75dd7351fe9d17e",18.4266666666667,NA
"248",44,"63052f20afc39e87110eb83e",16.1753333333333,NA
"249",50,"607de1d7c7cc25b639f63026",10.7623833333333,NA
"250",45,"66e0c0a1fab28ce6352ae19c",10.9415666666667,NA
"251",5,"66c3366a3b5834b89124e85a",10.361,NA
"252",43,"650b03136ab3d4c832d98b71",13.3883333333333,NA
"253",49,"67fc4c664729424963453173",13.6851166666667,NA
"254",52,"5fefefa4c9707d3516361c9c",8.67225,NA
"255",54,"666c0088634cc2e1573b49ee",10.456,NA
"256",59,"676097ebfc8087167ff862d1",14.6884,NA
"257",57,"608bfa04767191aa4d57bfd8",9.90316666666667,NA
"258",55,"6675ebfe4ca3bfdd2a986877",9.51803333333333,NA
"259",6,"67e73cc7cf25bb683f36f62c",22.25695,NA
"260",53,"641370f5a8d3826956778170",11.86355,NA
"261",60,"67d6e1a36086654c357b5e2e",12.4010166666667,NA
"262",63,"5d951ede9b6f880018f63b6e",17.5066833333333,NA
"263",62,"682b8071ffc2da7edd49f10c",13.3734833333333,NA
"264",64,"66f6dfde93de2c0d7eaf463f",11.1181666666667,NA
"265",7,"636d19c8d8a6c6ef4d37ff41",8.9854,NA
"266",68,"676ca3da9773676ad989ef10",9.26033333333333,NA
"267",65,"5c3b70640eaa0100018ea877",9.05103333333333,NA
"268",66,"67d9c297979ef61807be10fd",20.92305,NA
"269",70,"62713a003caa3feec5c6a0ba",8.10091666666667,NA
"270",71,"67c35bed28161edad1829850",10.3054,NA
"271",75,"5d09895e65eb3400189cc207",11.0388833333333,NA
"272",74,"682f60f38aa042c561a2d140",11.08,NA
"273",77,"66de2f11d6c88bf38e2728f9",13.47115,NA
"274",73,"666efb72703de8fb31acc194",16.04185,NA
"275",76,"67e567d4265ecb014e6b298b",13.4262,NA
"276",80,"5cd31d68db60cb0017d4ac33",8.62578333333333,NA
"277",78,"6679d2f916fe8e0bccf073b7",12.221,NA
"278",81,"6413bee5234ad46e9fc4ba75",11.4048666666667,NA
"279",83,"6787cb812a1d16c5750bb653",11.3892,NA
"280",87,"628f7e982aad1788d940317a",11.9303166666667,NA
"281",8,"67e9e4a4cddd6331b90f280c",19.6222,NA
"282",79,"67f192f32211291a2f12f1f8",13.2916666666667,NA
"283",86,"663a5cc1f775076b324606c6",8.92301666666667,NA
"284",82,"67886304e14cde87368e3688",17.0744666666667,NA
"285",85,"6063737f1039adcbf6428ac2",7.75766666666667,NA
"286",94,"616f315b5e74ca5b9a1d2ca7",13.6762666666667,NA
"287",96,"5ef246c6d2b9060809858e7e",10.7765666666667,NA
"288",92,"67cf23087b91eeb52d262869",29.1838333333333,NA
"289",97,"55d1955dcc2b1800102be8e3",9.51613333333333,NA
"290",98,"67eaa46b7bb6cbefdcbde74c",11.1613,NA
"291",93,"67648b2d2ca3bdd206096be7",19.8579666666667,NA
"292",89,"674872ead208fe132ec3f4a4",9.70165,NA
"293",106,"662fb3c5e1820641167cb02a",9.64081666666667,NA
"294",11,"60fee6ac4251e521b4546f1d",7.84101666666667,NA
"295",101,"671b277a6d04904df5f9503b",23.0282,NA
"296",109,"67d99f2a57b60762eadd499a",16.4642666666667,NA
"297",10,"671d0a511d7089c757cf2dcd",10.272,NA
"298",100,"671d714b78c1624a723ee251",10.5849666666667,NA
"299",102,"606b6705399a272af8238dad",11.4325,NA
"300",108,"606be651a89a7baf6141e8b9",16.04435,NA
"301",111,"65cba5290b9dca9291cd76ac",11.2537166666667,NA
"302",103,"67929fedf3f6f88cbbb925ab",10.1741,NA
"303",105,"67ab4cdcfdca2da7d459716a",14.3168166666667,NA
"304",113,"658ea5a4017996f2dc550d43",8.5789,NA
"305",112,"5e6445748a25da1ce689a14c",11.6151,NA
"306",115,"6460a5c4be2b393475006c79",14.2592333333333,NA
"307",114,"67d64ac905f499cb54151b62",13.8365,NA
"308",116,"5e6af189bdaa1a0b355f63ae",10.7649166666667,NA
"309",117,"5e2ffb147672de590836d96d",16.1304,NA
"310",12,"61bb396b40db417c1a138e43",7.85433333333333,NA
"311",119,"569298838d93fe000dfa033c",11.9232,NA
"312",118,"6684ba5873cb2d84e1f261ff",20.97845,NA
"313",123,"66e9cc5fb04f5ba6d8b5a3f1",10.36325,NA
"314",122,"6653b7079f37e7ce5378b3dc",13.5353333333333,NA
"315",125,"673f8be7e8f91cffcee643ef",10.5384666666667,NA
"316",121,"66e30af71c095ea535047b06",7.92385,NA
"317",124,"63081277b75c8ad53e5149b7",20.6762833333333,NA
"318",130,"64572f8d127293d227cca2b5",13.9322166666667,NA
"319",128,"676ef4be3ae6971bb695ff02",10.1533166666667,NA
"320",129,"6713eeea64ca1fb59cbcbce4",11.09875,NA
"321",131,"66f05e51545ecf68df96f480",16.9155666666667,NA
"322",126,"67ce1065642e75fb03792cd2",18.40925,NA
"323",127,"6609eee271e2fa6407181949",10.7869666666667,NA
"324",132,"5afa19a4f856320001cf920f",9.47175,NA
"325",138,"6405feae7d6321bfaaf793e8",7.72955,NA
"326",139,"66661b1242b581f199e49f4c",8.689,NA
"327",133,"66cbc2627559d53c0e3e4ac4",13.4288,NA
"328",135,"583b397f54686200010f1d20",9.5479,NA
"329",136,"5f4c810ebfcaa8194f5d8c14",13.6520166666667,NA
"330",140,"663ea705b761e95caebf67eb",7.44285,NA
"331",142,"6756322194c7154a2cc92639",13.0943666666667,NA
"332",14,"55b9a9b0fdf99b6906d2aba4",13.8202333333333,NA
"333",145,"67486717d316dc0beb331846",12.8621833333333,NA
"334",143,"6007a7996fbeef04ce080f90",12.8288833333333,NA
"335",146,"66d1fdd400acfdbc181f41e0",13.2827833333333,NA
"336",151,"678ff81c8c6b56f93355e0bb",10.3095166666667,NA
"337",147,"62a099bb01ad779df1971ea4",11.2088333333333,NA
"338",149,"6766db6e81656684712d6f0f",15.8666666666667,NA
"339",148,"67828038b2e1f7607e817e11",12.4694666666667,NA
"340",15,"667992b506b5fb5504eb23e0",14.8085833333333,NA
"341",150,"6723a12849796982b39f3c28",11.2639,NA
"342",153,"664fc6ec0beb5400a141b77b",8.70838333333333,NA
"343",159,"67d36708a7ca7a13dbc0bce1",14.0539833333333,NA
"344",160,"663e3c2870a87bac315ac450",6.71941666666667,NA
"345",161,"663a826d5055c706ebfa03e9",16.507,NA
"346",162,"6372d1f14a6bd3713c1c0acf",13.4970833333333,NA
"347",16,"6129781ecb8007ce6248a915",10.7043166666667,NA
"348",156,"6772e0f1846cebdd54673b53",10.9794666666667,NA
"349",163,"633f4f203450d46b01e3d16b",10.58055,NA
"350",170,"67b9d2f7a49052c6e25c6a7f",8.17995,NA
"351",166,"5bb58e338f3bd70001e5df57",8.66995,NA
"352",168,"63474e67a5fd298c6103c409",21.3125,NA
"353",165,"5d55d43e25dd4c00174122dc",7.60508333333333,NA
"354",17,"6109b95a3954ea5afdd7add9",13.4778,NA
"355",172,"610b149105c2d43340aaab56",11.0007833333333,NA
"356",174,"680ec53d0099609f68b1cfd7",11.3669,NA
"357",171,"6627e1b9434a2e718ed099c2",9.1728,NA
"358",169,"645179915e31c1aeb3dc8129",10.3603,NA
"359",173,"6383c02f52fa562d5bc681e4",8.73286666666667,NA
"360",177,"5dda993086c886a06ce9108d",8.10976666666667,NA
"361",175,"6747603ffa5c374fa8cfbe30",19.5289333333333,NA
"362",179,"6287d1278f5285de4c237d50",12.8189666666667,NA
"363",18,"5dc483cf74939e34e55c3619",10.2297833333333,NA
"364",182,"62c55056993f53f1e8cf8e30",10.47345,NA
"365",176,"672b875b60b2d97ccdcf1aad",15.64145,NA
"366",181,"67e830bb6eaebc236b9cd37e",12.2517333333333,NA
"367",185,"673feeafa80a279f5cc63e33",15.0448666666667,NA
"368",189,"61283769a39dd638c256540c",12.5041666666667,NA
"369",19,"63d84be2c9a21026d442e728",8.66666666666667,NA
"370",183,"5a8b61fcf1408d000176b02f",13.18405,NA
"371",186,"67f67d04686f4f467e3a6c76",16.3676333333333,NA
"372",187,"66d62734985c822b67585824",11.7857666666667,NA
"373",191,"5cb5e6927a92c500015c0de1",7.74213333333333,NA
"374",190,"5eceed79840590300f53fa51",8.36303333333333,NA
"375",192,"648343299ec8050d10aee27d",10.6931833333333,NA
"376",193,"657228e3073464323075c94b",13.3101,NA
"377",197,"67cc19075872702b5a401742",12.72065,NA
"378",194,"6134d8a566bc3dffe880e879",9.2724,NA
"379",195,"67f077bfb5db1ca4c577757b",14.5636333333333,NA
"380",196,"6649b9f59b1e971e3843bc0e",5.51948333333333,NA
"381",2,"5ed543442db0060a955d12e1",11.4749333333333,NA
"382",203,"5e1bfb604231d840ef7103d8",11.9225333333333,NA
"383",199,"6621ec635d8a063bd33ea78b",12.5457666666667,NA
"384",20,"67ec9fc858f4594fd069d5ff",13.3911666666667,NA
"385",201,"65b92135e296f28cb1a093c3",12.5950666666667,NA
"386",202,"5f77b243c99f31316e4cae58",14.2362833333333,NA
"387",208,"5c365b5e8821900001b3876c",10.8901833333333,NA
"388",204,"5d7085f70a426200186bc676",8.2665,NA
"389",206,"66465610797810a106c2e4cd",11.5235833333333,NA
"390",207,"67467ef650a5c479de1b5bcf",9.402,NA
"391",209,"67b71cbc30104a66109a2bbf",19.1571833333333,NA
"392",21,"649b2106b81f8dcf5d163ee5",15.7090166666667,NA
"393",210,"5b757a03976ecb0001b1168f",10.5324833333333,NA
"394",211,"6155e95c0808b015514b34e0",9.67355,NA
"395",212,"67c0ee3c27278be601aa384d",15.5040166666667,NA
"396",216,"64c2bb6ce9c40ddb6650e63e",11.2138666666667,NA
"397",214,"630bbdba33a8711f454d81d9",13.58165,NA
"398",217,"66ad7864e141e879379c5747",8.88893333333333,NA
"399",218,"66c110122b25034052d535bc",12.6639833333333,NA
"400",22,"60b8242021561f7827855c02",10.0950166666667,NA
"401",219,"67a62f17a81104f3f22f32e8",13.6819666666667,NA
"402",220,"5ca73ac06fa13f00189cbe17",14.3109333333333,NA
"403",221,"67eec9e200be02ad51843d9b",10.6392833333333,NA
"404",224,"5d27dc6b46dea800184f8bfa",14.3636,NA
"405",228,"62c3430ae19d78462af9e743",19.3998833333333,NA
"406",23,"670598a65450648ae2ddb83b",12.9570666666667,NA
"407",227,"65a09ede5747bb3166d505a4",9.85313333333333,NA
"408",230,"66706191120230e6a89ddd0e",8.43306666666667,NA
"409",233,"677da02dc68ea2b62a30b052",10.3111666666667,NA
"410",231,"66e0813b79955faf3b6017c3",7.97125,NA
"411",232,"62b5e02f3112243a7d47153c",10.09585,NA
"412",234,"677d8ca02a50ccdc47145568",10.7783666666667,NA
"413",236,"67f067f743c72104040dc225",13.95355,NA
"414",237,"67e8e88ed0713752dc570969",15.03825,NA
"415",238,"67e069199f5b036960b0cc5f",16.7003166666667,NA
"416",239,"682ea2d42d55eac9ceeac8aa",12.0733833333333,NA
"417",242,"67e3f310e2ed4df9e5771e9d",13.5472,NA
"418",240,"6765a8a83582f447d630caed",11.2144833333333,NA
"419",243,"5de197e923a5111f4fda41de",9.73956666666667,NA
"420",247,"67cf60241dff02d9e0dab2b6",15.6801666666667,NA
"421",24,"5b5a822e1ad8270001c4f28d",11.34565,NA
"422",245,"67e648c4f5eba87a78ae3523",13.4520333333333,NA
"423",246,"5f5452df72345118f58d187b",8.79356666666667,NA
"424",244,"67bf2c95cf70e4409f3fb705",10.5357333333333,NA
"425",241,"632b3017a1169b3aa44c0d66",13.9878333333333,NA
"426",249,"66dcb77e1afbc2e7fa393b87",10.16895,NA
"427",251,"67e184da2196b4f9027adc2b",24.38665,NA
"428",25,"626810ad271afa9ad1c19e33",10.3823,NA
"429",248,"6655e4f304ea91b8ecb46edc",13.0979666666667,NA
"430",253,"67ca44c542a5ebd3baf7d5e1",21.6771,NA
"431",252,"5607080ed7def20012b733c3",14.8506833333333,NA
"432",255,"669d3a5ae44e342da0923962",8.95295,NA
"433",254,"67f302367b115d1edb94f0b0",20.8584,NA
"434",256,"67d0a57b0a4981c5e65c3bcc",11.9812166666667,NA
"435",259,"5c546de9aba7d60001f1eff4",10.7227166666667,NA
"436",260,"5f6056e9a41e0d14d4c19f4c",12.15845,NA
"437",257,"60e9e8092cfc1f464753dd71",13.1764666666667,NA
"438",258,"677154f7f2518ea087b747ed",13.9799666666667,NA
"439",26,"614f571879ee135c5a579e08",13.2897833333333,NA
"440",261,"66ace12c42d9a67100360274",8.11751666666667,NA
"441",266,"67803a05b60a2727e9fa85b4",23.5705,NA
"442",262,"64921fc8c813049f1fd29b47",11.32175,NA
"443",265,"6733c9f67240fddc73fe943b",18.0921166666667,NA
"444",267,"672cf326f28e34c4eab96fea",11.6422,NA
"445",264,"65db7262504a6a75a4d6e3f8",12.4971,NA
"446",263,"5ac50a19a3ba7a0001b4a483",18.57375,NA
"447",268,"6276d97e209059496d37bf74",10.1145666666667,NA
"448",27,"599de51717c03c000151b1f4",12.4141,NA
"449",270,"663a5c2456ac0d9394b9a130",12.7394666666667,NA
"450",272,"67cfeddb9f4b04d789ca82bd",14.2070666666667,NA
"451",275,"5d7fd2a5987f70001602d95b",10.03825,NA
"452",274,"67608d020ab313f56180df41",14.1319333333333,NA
"453",280,"67ab4ff4caebeca5cf59a5c1",10.85755,NA
"454",279,"60fdeae64720933d1347ac81",9.85318333333333,NA
"455",277,"673e222bdb1a35935b3075f1",24.0972833333333,NA
"456",28,"630a8feaa8eef385f72dc1a5",13.4398166666667,NA
"457",283,"594a955b09c434000142a8fb",36.9724666666667,NA
"458",282,"67ae047c6e531fb2e70c1926",16.1558,NA
"459",286,"614fe09fec9ce4a2a415476d",6.08038333333333,NA
"460",284,"5f1e7c6768c1bb8491f39191",8.67071666666667,NA
"461",281,"5fadeb340e10471fdeb5fbf5",10.5620166666667,NA
"462",285,"67447a01deb7398581f3b3be",34.1613,NA
"463",288,"58642f4de16d530001b34622",12.2605333333333,NA
"464",289,"67ca3482382b0aca07bedfcd",10.5977166666667,NA
"465",287,"67f24d9d37225c87ef8b09c4",15.89415,NA
"466",290,"6712b53345c966536d238e89",7.84745,NA
"467",293,"666b6cd0fd4835707cae439b",15.2862666666667,NA
"468",292,"675f5b59490f72c86afd87d5",12.4396666666667,NA
"469",291,"6609e31201eebc9f6a2de74b",7.75935,NA
"470",299,"66464f86ac64009eb910c2f4",10.0329333333333,NA
"471",295,"5ddd1dd2b48da3c63a3ccdbb",9.4631,NA
"472",294,"59ffb939517dfb00013dadda",14.7620333333333,NA
"473",29,"5c6b646349b7f0000120b659",12.76155,NA
"474",296,"5a10ab0a120fb300019496f4",11.05765,NA
"475",298,"61022a84042923c389bf1499",9.63031666666667,NA
"476",305,"67ace44ff23c30b6337c7dcd",12.5383,NA
"477",30,"66f0c81ea46a554aeb92cd04",15.1002166666667,NA
"478",3,"589de7bbbb9e0f0001ac9768",10.7963666666667,NA
"479",304,"66f1b4e2d875c6785ca1d50a",8.26236666666667,NA
"480",308,"6175eab1ddb5791df88241d1",8.23263333333333,NA
"481",300,"663a8a591f436a85bb4d90c2",16.4920166666667,NA
"482",306,"5e45a09c8155b00828c83d95",8.44058333333333,NA
"483",309,"669588e8ad1745596a02a04b",9.38021666666667,NA
"484",307,"677b2d6d388798dbdf3d3765",18.70885,NA
"485",31,"62faba5f904642df812944fa",13.8883166666667,NA
"486",312,"67a7cee40b175c5c1991bbb1",10.1078833333333,NA
"487",315,"680d54968e828f2eb1ea2482",22.5943166666667,NA
"488",317,"6658cc3fe945182d30f9fdc8",14.6785833333333,NA
"489",319,"67d71a019290507d8b21684f",11.4839333333333,NA
"490",310,"5d9ea13f25b04c0016961421",9.21471666666667,NA
"491",321,"6661bcc158fd04df24b4983c",8.72331666666667,NA
"492",320,"6635316958a453da5e2af8b2",10.4603,NA
"493",32,"673cfddc2603281edb50447e",11.4794833333333,NA
"494",322,"67f1cc26973bd7f41512c209",17.7189166666667,NA
"495",323,"663929720b49e3e6c71b12c4",9.23456666666667,NA
"496",324,"66e778dbd71f6556193bc9e5",10.263,NA
"497",326,"564e93659b124900127eb55b",10.8557166666667,NA
"498",325,"67dc70145c70ad07748b3f1b",16.6748,NA
"499",330,"5cda0f40fbe78a00192192a3",13.1897,NA
"500",331,"65f353147653b5d6eee93ebe",11.0285333333333,NA
"501",33,"651c1abbc73b6eea8fa97193",11.3662666666667,NA
"502",332,"6565205a6f8163d131fa6918",11.6028166666667,NA
"503",334,"6290c65ed46e5dce4f16bb92",10.4716833333333,NA
"504",336,"6110d93fdb4e6377961e89d8",9.24251666666667,NA
"505",335,"66341ea0271d271dc78c8283",14.5858,NA
"506",337,"64402f7ad3d019dc99b9f3f0",14.2043166666667,NA
"507",333,"659daa1ed4e13d6428103c1f",11.2970833333333,NA
"508",340,"66396a53ec2393bad24ecc2e",7.42866666666667,NA
"509",341,"60baaa995c09d3162511871d",9.26311666666667,NA
"510",339,"66d9869a4e9051cdf5d16fa3",18.5879666666667,NA
"511",342,"66e12593ddd5a01785c4e288",8.1452,NA
"512",343,"68220e9d55ef24c1be74223c",11.1692166666667,NA
"513",338,"669c13abec22054c1cce02e2",11.2173,NA
"514",344,"5e0c664d78322543b1fea686",14.5358666666667,NA
"515",345,"6569053edfa433cdde3cce29",15.27835,NA
"516",348,"6770579b7d8d56466844fb24",10.7275666666667,NA
"517",347,"610837760279129ce7c66eb0",9.30518333333333,NA
"518",346,"602fd11faa844cd2d0fd5818",11.2711666666667,NA
"519",35,"666b27991bb7b1ccff2286e3",10.4259833333333,NA
"520",349,"67fd46db088825e305648e1a",20.7861166666667,NA
"521",352,"65380aa0598f6524cdbcf013",10.1907333333333,NA
"522",350,"6691809035e52ca9b2b0f39a",13.9266333333333,NA
"523",354,"5f9556e826384e3aaa4f0f01",14.5888,NA
"524",353,"67688a6b7c1c395b6aded041",8.71585,NA
"525",351,"6688583698ac0c14d67453cb",11.9125,NA
"526",355,"66ce1a48210a31534b9c0c67",9.77555,NA
"527",360,"6103029c4532e2dcc65efe45",8.46096666666667,NA
"528",356,"6104d73b7cdac0a47a905f0d",11.6860166666667,NA
"529",363,"67a7caa0cc766deedab56067",10.47085,NA
"530",361,"67116adafb7f826d8f39dbf4",9.72103333333333,NA
"531",36,"67364113bdafe2840fa05b69",12.1829833333333,NA
"532",364,"668c6c4fb184937d7728fbee",8.95676666666666,NA
"533",366,"67d45e875ebaf958aa085064",15.3088,NA
"534",365,"65172c25c4118007d8a75184",29.91975,NA
"535",367,"644b1e452a0061d713dcbf4a",22.1209833333333,NA
"536",362,"65d62743dfcd203fc76596e3",9.89221666666667,NA
"537",369,"676d6b0a137e2c9c8e9fc347",11.6189166666667,NA
"538",368,"63da9d744c860382808770bd",16.3112666666667,NA
"539",37,"67e2c1cf16cb9a0f99c3c071",21.8492166666667,NA
"540",370,"67d5a19b8b98d688b46bb348",20.5476166666667,NA
"541",39,"5c2ab2de9136140001b90737",10.0247166666667,NA
"542",38,"6151e479b4ee16668948c7f2",13.1173166666667,NA
"543",373,"663913a30dfec86f2b19cd9b",11.3799666666667,NA
"544",374,"6568b0b4e9cc3024c09286f9",8.50275,NA
"545",372,"677a05cefac5f4430b7ff00c",13.8179,NA
"546",371,"66f5e385ef9ec0b27c796a5c",12.45925,NA
"547",40,"6435b95691d542284002bc90",10.5016166666667,NA
"548",42,"67358110193306101974db30",12.6109333333333,NA
"549",43,"65cb86a7e667e637599a3af3",8.32773333333333,NA
"550",4,"678c89e7d72ecd785f475dfd",14.46675,NA
"551",41,"66e36f486ca7e6924fa02ff3",12.2766666666667,NA
"552",45,"66043087e6f547531945bb3f",8.99828333333333,NA
"553",44,"5e16bce18dffa0c6f76cda9b",12.6689166666667,NA
"554",50,"607f25b09b8b44d089bfd49e",10.40375,NA
"555",46,"6779ab59311fd2904146f0d7",14.1879666666667,NA
"556",5,"5ffb8c5b60571908f3ac19fa",8.20496666666667,NA
"557",53,"66ede9963a04a975f249bbe3",11.8219666666667,NA
"558",47,"67f015260f679212b3c34caa",19.1873333333333,NA
"559",52,"675c6db4887ccdd0d3d15534",31.0782833333333,NA
"560",54,"663bc31529719b8501c52820",8.46428333333333,NA
"561",57,"681a677b8b21b8a0b037f459",12.6134166666667,NA
"562",56,"61005834c822c93af7ac2d2b",10.2652666666667,NA
"563",55,"5dbc46b70338051eb7999760",9.6222,NA
"564",6,"63d97656f4c5e18d8889afcc",8.44161666666667,NA
"565",58,"67de0c86edec4b1fb38789b8",16.2859333333333,NA
"566",64,"62d59a066ee263bb659aa445",9.76525,NA
"567",61,"66ad6f2765f2ef7122225388",11.0392166666667,NA
"568",60,"6726c70622b97e6722fa53d8",9.5481,NA
"569",62,"62e7357284e65421d8f8b10f",10.0011833333333,NA
"570",63,"67d9b887153011f49e8a5f3f",11.2830166666667,NA
"571",7,"673f5caf2dc042d5aac332e5",11.4699166666667,NA
"572",68,"5f85f217f845b10f388f2ce7",9.3287,NA
"573",70,"67322550bd5dfa0cd2958366",7.42303333333333,NA
"574",66,"66cf958a28d904cf6acd0f1c",14.5500333333333,NA
"575",67,"674780197d2f877d208e64bf",20.6600166666667,NA
"576",75,"580a34af5773b50001aab166",24.8265333333333,NA
"577",71,"6642aaff6b9eaa6fcd640b60",9.64581666666667,NA
"578",73,"67be4c756ba3a15a47e60356",14.07935,NA
"579",74,"66e0779ca33300c6c88370a7",14.4830666666667,NA
"580",69,"664f74aec5c6e6331cd6e860",12.7360833333333,NA
"581",76,"58a43e029a17120001d910d5",9.06501666666667,NA
"582",79,"5c0f500787e876000151fc5f",8.49806666666667,NA
"583",77,"5c91fc9c183fb70012f3510a",8.42796666666667,NA
"584",82,"602aaad0543ec50f6af5cc79",7.96433333333333,NA
"585",78,"669d9c757d58bf2f243349e4",20.55025,NA
"586",85,"57fc5ae8b80310000163ec1e",8.64921666666667,NA
"587",8,"5e9f3f09ccc75a0c345e4845",7.84581666666667,NA
"588",84,"6676ddf4aeae188a30f824f5",13.84785,NA
"589",72,"640e4ddaf9f67c6c8ea4936b",15.6832,NA
"590",81,"628f9cfbee6de7cc7322fecf",14.0802333333333,NA
"591",9,"61bb392e40db417c1a138dcb",12.8463666666667,NA
"592",90,"5d44ea38d7d4b80015384976",11.86105,NA
"593",95,"62d0880f5ba6d972d1bfc63c",9.89566666666667,NA
"594",93,"612b86da38f96808af7bb1da",11.2245,NA
"595",86,"5984e2f14473ce00015b923d",11.5901166666667,NA
"596",98,"6660f30d9cab7604513cf59b",16.4127333333333,NA
"597",89,"67d5eb76e92d5d35968ef211",18.3456333333333,NA
"598",96,"67439be8ee2236a7c078d523",8.21036666666667,NA
"599",97,"63fa2f029381a13d9f2a36a8",9.94993333333333,NA
"600",99,"666c9ae8916b81a21a5d2275",16.2313,NA
