"subj_code","age","gender","handedness","comments"
"tXOJdR7kdH3Q","23","male","righthanded",""
"3VllGTKkTcqD","32","female","righthanded",""
"wJTXewKUeTZq","47","female","righthanded",""
"stBuRYp4gx5A","21","female","righthanded",""
"fw5KKWwVZrug","65","female","righthanded","none"
"ggbBQnpf3Mtj","24","female","righthanded","took awhile to get into the swing of it made a few mistakes at first"
"0avtKZmbwGy5","36","female","lefthanded","Doesnt leave much room for grey areas"
"DwV1c8OF61NX","25","male","righthanded",""
"EGqGfvKBQmEw","51","female","righthanded",""
"KQRQaOJp2Y9z","21","male","righthanded",""
"fuTxbTi41RLv","59","female","righthanded",""
"Sl4BhDPZAsb5","53","female","righthanded",""
"W5BoMp8egDIi","29","female","righthanded",""
"UHeDEKmkRG0s","27","male","righthanded",""
"tJrEu0qAjd3n","23","female","righthanded","no"
"ToLO0aM9jR2X","55","male","righthanded",""
"yMyeaIhNunxG","51","male","righthanded",""
"cSsO8BV15gpg","54","male","righthanded","no thank you"
"K0n2fgnFqVZW","20","male","righthanded",""
"EYor9MdsdwcS","45","male","righthanded","no"
"mfn6I6jFwzWf","20","male","righthanded",""
"cVLB0HOqDUeW","28","male","righthanded",""
"If1diWqOqiJ2","23","male","righthanded",""
"VNu44YAntnCZ","25","male","righthanded",""
"ibTJAWHhYeKA","37","male","righthanded",""
"oX7BWPBKZV7n","21","male","righthanded",""
"Y1GujK50pWIW","58","female","righthanded","I PANIC PUSHED A COUPLE OF TIMES "
"NDyNInTHYV6Q","28","male","righthanded",""
"x3igV7xlZWcT","44","male","righthanded",""
"JM9i27kCHnns","30","female","righthanded",""
"aqTIK5eRmGA8","24","male","righthanded",""
"9NY2dcmI0kt0","31","female","righthanded","Some of these felt morally subjective which was interesting so I went with my gut instinct "
"idj3Ig4ffMGL","28","male","lefthanded",""
"d6qTaQULpMyB","28","male","righthanded",""
"VAjCeZxdiqXu","33","male","righthanded",""
"C4vbd7YiiD5a","52","female","righthanded","That got harder"
"qpJN9WrTnut3","45","male","righthanded",""
"LecTuVk0nRz8","40","female","lefthanded",""
"hoQl1WiisuYv","28","male","righthanded",""
"dz5pt06BnQP8","37","female","righthanded",""
"MiwbMWixMBLW","29","male","righthanded",""
"frqTXOk390Rv","73","female","ambidextrous",""
"TCBkafjNWqYV","36","female","righthanded",""
"OpxBLZfqQ24J","28","female","righthanded",""
"5aNDYDuyyUaJ","22","female","ambidextrous","GOOD "
"qYdbSWPD2h8X","44","female","righthanded",""
"TR92dMGllkFH","24","male","righthanded",""
"VwxL3OgYwqkl","33","male","lefthanded",""
"ASm3nU7vZpS8","30","female","righthanded",""
"L1mPUrqHsPBq","54","female","righthanded",""
"eMCY274586qD","30","male","righthanded",""
"sVgQAIhvWmvJ","50","female","righthanded","NA"
"VmCNikx5Yymj","26","male","righthanded",""
"g3ae1MZLUMkj","22","male","righthanded",""
"W5bELoq2vFmX","35","female","righthanded",""
"GeqDJb1jMXdg","29","female","righthanded","no"
"8XtrxMzL9vm9","44","male","righthanded","Interesting study"
"VD3vwFzj2TBn","24","male","ambidextrous",""
"fSjJXLOkvKh4","43","male","lefthanded","Have a jolly nice day"
"V3uhX79f20h2","27","male","righthanded",""
"IC6b9bgp1wvx","19","female","righthanded",""
"NMklOlmOznTE","22","female","lefthanded","Some things i would have answered differently on a moral or ethical basis but i answered based on the literal statement outlined by the rule "
"IzaTJWhkFnaj","20","female","righthanded",""
"e3KYDFaVCz8H","27","female","righthanded",""
"Eg7eg5AU8DND","30","female","righthanded",""
"CRSzQUajjtCa","26","female","righthanded",""
"3ZVURO7TEj43","26","nonbinary","righthanded",""
"3DhouT1Y3uKY","57","male","righthanded",""
"8B4iLT61aitO","22","female","righthanded",""
"vzBWvlNQ6Ht9","26","female","lefthanded",""
"EesgYTYJVd3k","24","female","righthanded",""
"8OE33xtiA5BV","25","female","righthanded",""
"Hv0PEwc3oYXX","21","female","righthanded",""
"Gq0SazqdXPEb","36","female","righthanded",""
"wZnqRS9ioP47","19","female","righthanded",""
"M4CQmpvh2Bex","40","female","righthanded",""
"CDOrhBjZ0mOx","32","female","righthanded",""
"NJpHNTfKUzLL","29","male","righthanded","Interested to know what the purpose was"
"7qkIXc0bOmXx","31","male","righthanded",""
"a4N3VbjW6t3e","67","male","lefthanded",""
"tWsc6pVpBLZh","63","female","righthanded","everything went well but i was be able to be fast while answer the questions "
"bo6ErcmigqfQ","52","female","righthanded","No"
"w1OWPjr9rMad","34","female","righthanded",""
"SPOn39kSJgRV","40","male","righthanded",""
"39ZBEWAcrEv1","52","female","ambidextrous",""
"GIq0EkX9jCo5","49","female","righthanded",""
"JIh8DhWMIcjy","33","male","righthanded",""
"mm70NlM6TpEv","40","female","righthanded","very interesting"
"DYKSQtGeTB2w","47","male","lefthanded",""
"SVPKam5cgYHQ","21","male","righthanded",""
"dFtrk8cXrwNu","33","female","righthanded","Thought provoking "
"miIfQjJiIdj4","32","female","righthanded",""
"mnfGoFiErSaP","28","female","righthanded",""
"wnlIboTZJWwq","26","female","righthanded",""
"22I7KRuwrI5z","53","female","lefthanded","No"
"uUePeD65LlBZ","20","female","righthanded",""
"7FfTONRsKkvM","25","male","righthanded","It posed several moral dilemmas Intriguing to take the questions at face value only"
"FrmTwYR7WtNP","67","male","ambidextrous",""
"321J5En4sUSq","18","female","righthanded",""
"ZBoFNW46h4pY","25","male","righthanded",""
"vVAS0Xq0Q7Fp","45","female","righthanded","it was interesting  And throught provoking Its easy to see that rules need to be clear about their ultimate intention and broaden the rule to incorporate the full intention"
"NEiiBTGR3Rys","64","female","righthanded",""
"7QzqKlLCs1nC","47","male","righthanded",""
"cgz9pI7IYBVP","62","female","righthanded","no"
"K1oEXQcDRkIJ","18","male","ambidextrous",""
"uKIS6IY0ydoK","43","male","righthanded",""
"WE9h79QhV3Ly","40","male","righthanded",""
"EHq7rvdqwE1G","26","male","righthanded",""
"w7HLLaZ5svte","20","female","righthanded",""
"L47m3KNtIXS4","27","male","righthanded",""
"UN7h3vWDBN99","29","female","righthanded","missed a few with the time limit Misentered one response "
"QzkYb1WfZAYs","32","male","righthanded","none"
"9M7VEZ7Yvw1i","30","male","righthanded","the pace was a little fast so i found it a bit tasking to keep up but it was ok but i think i missed a feew questions"
"3fbOGhIU9eN9","38","male","righthanded",""
"oOoDNxhtBO28","35","male","righthanded",""
"L3Z4p4PVCIDp","57","female","righthanded",""
"ycd9QFnB3AyT","23","male","lefthanded",""
"60iy2lhyyPDj","38","male","righthanded","Thank you"
"OjXmJ1xwUCVz","32","male","righthanded",""
"yVoBHL53EjRa","22","male","righthanded","none"
"ebkLyE6xyQlJ","52","female","righthanded",""
