,mean,std,2.5q,25q,50q,75q,97.5q,mc err
a,3.7717913054519863,0.2563585542560852,3.302539433133368,3.5997455771001525,3.7603068176850116,3.929847446002067,4.310591973138972,0.016740537560392416
a_std,1.7476431490116309,0.20298728252025625,1.3948416389810034,1.6081526914770585,1.7347094365727176,1.8724741044639122,2.2113167546669987,0.01225744204767327
a_subj.00wnwvwLHBIk,2.0379204993050273,0.16136397412734077,1.7562760787929579,1.9246686209903046,2.0311704012619862,2.14024932177758,2.37284199115763,0.004790416642433988
a_subj.0ALnIzl1ydE6,1.8456554930730376,0.22997144421797,1.559808570959119,1.7175226108190156,1.8096414701638712,1.9112858353658835,2.4699028914537293,0.01410157745052092
a_subj.0GabPL5vHH8P,2.291783118056319,0.5227088541622134,1.7165269057177253,2.004426533736106,2.1712166734641185,2.379517963079927,3.9340753515931874,0.042634809223435585
a_subj.0VVhHyPBOh8x,3.793914355480129,0.8470139977942284,2.2077948755298524,3.190545331910885,3.785619702457812,4.375044927378278,5.473398394945601,0.07104363423666492
a_subj.1YT4qLD19kvV,3.0416703575285706,1.3502182722954585,1.4939756750970334,1.7376991148050693,2.8175906196512543,4.213640095421804,5.551346040354549,0.12830636086737635
a_subj.38HjYDEebF7Q,4.681515449558175,0.8605785723364059,3.159067489382939,4.027313000646558,4.6637225038054275,5.266271089854811,6.451901374849403,0.0701121106516666
a_subj.3m9MitiUNkLe,2.343540296108251,0.2256141240793198,1.9652016531583663,2.1899019448973975,2.3174689656941414,2.481884037132043,2.8487913651292534,0.008735025316459423
a_subj.568OcVLCD0h4,4.974131363447034,1.1505976839792944,3.0286493756424018,4.128401813410369,4.902469026217934,5.666774170813683,7.4443151006588515,0.09943514430966481
a_subj.5E741EFf1D68,4.5934985532522585,1.8348743112892434,1.9002659829229749,3.086508814511591,4.44106869399449,5.764051530151426,8.589881535474621,0.1406594591868705
a_subj.6xP2E90cGY7d,4.556004397996098,0.6304519212722626,3.314840472154188,4.125151456132238,4.5094538388995185,4.965756339929543,5.8448324805416405,0.042825781699749224
a_subj.8DgoXYZI05ZJ,5.1233374233025755,0.8546726221989399,3.550752283183261,4.4895207565224,5.073936032312056,5.738818395863923,6.802821796365058,0.06819007826683544
a_subj.8LhlcQz7sD9E,4.832910902747874,1.0388411838442173,2.8483405167979328,4.141814870254178,4.843150289241473,5.631276512050798,6.720812354828422,0.08750662441456382
a_subj.8Ym9I2KtvcUQ,2.688300579998306,0.6292556560235241,1.716713733257924,2.2253266510529386,2.6018463492650796,3.0747649933191035,4.1189087467668255,0.05224650051687598
a_subj.8jdRn0wiVZIJ,1.6620545088784004,0.11280478709480483,1.4610266680577195,1.583237432775364,1.6533391281408254,1.7340385244685383,1.8928483245320442,0.003432688659728283
a_subj.8q2Uy2Q70plH,3.0136094069016677,1.0310575090991325,1.9897218227740365,2.306274569785815,2.608340636547636,3.3536935997476096,5.695539789850389,0.08984176867453357
a_subj.ALbe7y6EHaM1,2.6570537727347716,1.4250117056096017,1.4274753908768005,1.6980207869510506,1.9087599050165762,3.5609405470020032,6.222497743598584,0.13766235615816932
a_subj.Bu35lM8ZMH2V,2.273287359341456,0.14254839204930728,2.014266779220301,2.1777142846602944,2.2659836986604414,2.358112966138041,2.5737817747173253,0.0038213442545316097
a_subj.Bz45IxAK5fjO,1.821074935602235,0.214165560878716,1.4823884247052346,1.657097951541227,1.795642865068654,1.9615000174444652,2.288279934526007,0.00988777615093239
a_subj.CW4cYd1QYeU1,7.196132016943867,1.1518309936815923,5.0286901885713124,6.375640185193742,7.150107500952901,8.032332679001819,9.433486331498163,0.09366474404454145
a_subj.Erj2vLkrFRFK,1.8133358496019725,0.1724724302872207,1.5340379093705683,1.6966172536347537,1.7909855766461744,1.9117029249767292,2.2149155078646907,0.005738885845656247
a_subj.FNFg4qd24uNy,6.661579615677416,1.292284194632569,4.321102512593672,5.770514658484308,6.614626129021927,7.478923249068942,9.579139317886325,0.11449445630888051
a_subj.G6HbAL5CKckH,1.7298348279271947,0.1650959092544828,1.4472873718626924,1.6164349822083226,1.7170066220992384,1.8413113229931397,2.0928819719841654,0.0057908612203449224
a_subj.HJgtd5UpWefA,3.855078975668587,0.9233799974041482,2.192454907581812,3.207204482918581,3.791077969478578,4.492501891932671,5.6467710300933,0.0774520625103549
a_subj.JXwtQfYRmdlb,5.0704165554517235,1.1668908782219227,2.7544785282891526,4.277301347648258,5.131701096528973,5.937427175068091,7.192080665976557,0.0977156785187148
a_subj.Jm9VG9LqGvAY,4.387257970833565,1.1632673066054182,2.4440136063025086,3.5103648305630526,4.356195536469148,5.1418716957757225,6.912969500421236,0.10088200419783093
a_subj.KOP4RVWbQg5t,3.0035214738828735,1.1751080471440938,1.5964033710023222,1.9449902761673925,2.712600483846978,3.8853463879718615,5.5613433933845,0.10811379122193107
a_subj.KhkKnvIk9rxi,4.296643565176721,1.2462180475775841,2.191274865817879,3.3415052342822142,4.238079896954611,5.205630201636559,6.7357864880881495,0.10819756768900737
a_subj.Kr1fhFpwcKCC,4.965850140423514,0.8166584496552375,3.2010963567973265,4.472606099020983,5.01036854615856,5.520239041381346,6.476631672702366,0.06068990844429808
a_subj.LD4oLHRdPfA9,5.6185001452078405,0.9418160736528901,3.852959850217112,4.915365033504534,5.627522597410078,6.288538313256569,7.453937364293559,0.06941229122038126
a_subj.Lh7MG1xY0pQl,6.2060349981815275,1.1766820989869418,4.108506239625978,5.353710378271852,6.177011561880141,6.950967884596011,8.804612004502406,0.09934911332684587
a_subj.M07bqEUmTTmk,4.222229216976855,0.8517463706296822,2.656141087176676,3.6406408454284147,4.134582394596886,4.775220155600146,6.094653212504868,0.07167649205873078
a_subj.NbvzyCXZZi1L,2.3160302730916635,0.28556099433364757,1.8556501125334677,2.121282802457148,2.283361335862768,2.478009650856196,2.9221505666773404,0.010501684034019106
a_subj.Nni7lJOWzkSC,4.977339902175992,1.0818449049347356,3.183361170157652,4.224971840333862,4.871151899668307,5.617239643667229,7.492709573838528,0.09395557615217863
a_subj.Ny14T48vbIXV,2.700147511029458,0.7949808196554542,1.6525174681433004,2.093181366372769,2.5047259641129678,3.169898742175941,4.610527837154576,0.06762192172251227
a_subj.P35mVpqY5nDB,4.502652232565412,0.8699807212283198,3.100602037944867,3.871646447261059,4.414413984585307,5.0700732115112,6.330299425733471,0.07035644325781634
a_subj.Pvfc2tCVizbx,3.496341191548198,0.8522236976700125,2.0779834989300126,2.9020360696025502,3.4163048242646403,3.9587699583458518,5.601141039345853,0.07129342108300586
a_subj.Q2mEAvSQyEQM,4.328708798690658,0.8622041834438757,2.82616765040188,3.6921496691091535,4.298788036699257,4.935007105324358,6.113258378577685,0.0701755510382989
a_subj.Qjf7kPixAN5S,3.7121492036765953,0.9822394943584236,2.284854834243766,3.0003437162936306,3.544540475008593,4.195571789180518,6.229866480383495,0.08744074567742963
a_subj.SNL6pT4T0GG2,5.9434356400063155,0.8825140398765831,4.252122834709842,5.27020831281187,6.001483159798096,6.553580667072863,7.58632243009578,0.061898594771868334
a_subj.Seoi9ErBmLbz,5.501868233815122,0.8475683972916874,3.862837210908131,4.913801694592034,5.4784742008573915,6.095554376036467,7.15530110720275,0.0635186032833394
a_subj.TSOb1FVsC6Gj,4.864094612316831,0.97413591731373,2.9118606485637306,4.223302470646171,4.882531351388396,5.50420178228187,6.78008667378771,0.07812797799009923
a_subj.V3QbPDaHmegI,2.337047003443567,0.5953855258216648,1.6913504893649276,1.9182709940969982,2.1273206060054832,2.5780552791410245,3.857587145958105,0.04887309686163521
a_subj.VaDNI9pgJd1X,6.1461623081969785,0.6937780166955224,4.7733295867472,5.704791727888507,6.126696782696796,6.593022073276046,7.57465493526124,0.03879739802002258
a_subj.Wb2VgDD1oiqn,3.345373635412068,1.100496645618296,2.3226331480818962,2.6387789869318907,2.873711387369415,3.4571303242929563,6.016458535846258,0.1033088863400019
a_subj.XdNdtPH2gx6g,1.6416120551007733,0.06627932778521752,1.5178637653328622,1.597095531388949,1.6392770333210767,1.6847314491840213,1.7744486187476107,0.0017054250713128196
a_subj.YJtWDBhIZrfu,3.8124449832430174,0.841849061830448,2.3414197604679283,3.2016877103882555,3.731366078051829,4.367059497696108,5.6887493986854984,0.06793119784798421
a_subj.Yr8fjKtzqBSc,4.54992287163258,0.7525792496499444,3.176958110808877,3.9926290727594065,4.535350760531089,5.063456150410656,6.030832497802048,0.05382502589555786
a_subj.ZyEayYnQuirQ,3.344937722668494,0.9585912732609608,1.622523123688034,2.7017332172460997,3.4104348724933375,3.9850966932525784,5.206936263572443,0.08477504647885037
a_subj.a1fyzaUeRMiI,5.348080592227982,0.7100470041314093,3.9209187286005673,4.862304295637992,5.342553806093408,5.844366983728412,6.723929224829739,0.04409288613348547
a_subj.a2u6gJO7Y274,1.511221513299323,0.12158838113755857,1.3012288515881874,1.427637762407998,1.5007278603792091,1.5860485469783818,1.7879111347227743,0.0038556782252583558
a_subj.a2uc42qALAbk,2.9519562294600887,0.9617973416978415,1.9294929984942326,2.2477832701201006,2.5504295619925044,3.607482281165087,5.157879670315414,0.08506867880830542
a_subj.bIGrT2JgnV8h,3.0912163204321295,0.7192777343789033,2.283444076210905,2.626455929292909,2.8776248445130044,3.3009775245259503,5.176241992040532,0.057819081920060064
a_subj.beMiKSQwLbmP,7.055749167558216,0.8257956742459097,5.397485588597501,6.501101724485706,7.068088346962538,7.640909681020991,8.63381542188681,0.051117775549449254
a_subj.bfadGrp5nqVu,1.8190952862013245,0.3704505073997907,1.3584115325822264,1.621829538998238,1.7819246488552682,1.933296427670255,2.613155062878591,0.02838431575375767
a_subj.bfsCGazJkgHe,5.060095084521157,1.1840026935723418,3.126244206953117,4.1294862753183414,4.969077491440372,5.906788007542204,7.443947322452083,0.10207310962910403
a_subj.bsBTMtR449YJ,6.639007944068338,0.8601486009148179,4.982510751069582,6.071631201378182,6.642413759463949,7.201816906824202,8.327291971215587,0.05647308871470528
a_subj.c1bgmfeXTXTb,3.221650510701424,0.6020464938165174,2.1957066405215167,2.782569002698694,3.1749093654684932,3.5873203824774684,4.524446113144398,0.04822665263201014
a_subj.eYN6bFalTKXx,6.533583337658094,1.2097922254655107,4.234244578481207,5.686673033946848,6.54567567803756,7.409364864955903,8.740372875579046,0.10254315556473896
a_subj.gk8Vo58Syky3,4.638791329893685,0.9943442495571206,2.997178579319357,3.8716353562678765,4.5435683974676255,5.391876551990038,6.540859854878208,0.08597450831575963
a_subj.hbqSJJgFRp6J,3.5640666888281096,0.7693112872172206,2.413467209975848,3.005558942026961,3.414382774151814,4.043085766300873,5.38702418844368,0.0616137655173062
a_subj.iQS78gQlITXB,1.9897027567724521,0.20368176961523696,1.6683441657027587,1.8489496603938889,1.9683658409691014,2.1066952869243294,2.4507385662953802,0.007455871767444523
a_subj.j1fpeDp6n8UR,4.122299797260642,0.902940446841118,2.6742691882689673,3.4632945639729362,4.019877691546487,4.699029942650783,6.1520311331291335,0.07657245007694928
a_subj.jkMWKBfbNm89,4.41375418681336,0.9079666647085152,2.9561275631323065,3.711002697936138,4.315217669062032,5.015888342761224,6.461942974313151,0.07748613089725814
a_subj.lYX7ZRvDXlCB,5.052580872848859,0.8341495526860809,3.471975320563874,4.478383754725685,5.057402938557452,5.621102030210691,6.685864580725542,0.06576770095228807
a_subj.oVBDbrLOM3N4,4.854975501029196,1.7322136709793063,1.9127276529525274,3.492013768872849,5.1715996018409935,6.088822652056815,7.777379344309176,0.16277594710577442
a_subj.pmFs7MfKf2zJ,5.319396569838554,0.7968751981459783,3.777691076180343,4.774018416762795,5.330475525200678,5.849775066099415,6.930687409590005,0.056038806791086346
a_subj.pw7CJaa5hzve,2.038810265900048,0.16723883854250488,1.7467440206142373,1.9240241253506296,2.0268591802509692,2.1417618793719155,2.4054325186169687,0.005921476906773612
a_subj.qZqT39zakszM,2.049295625551415,0.1383744726043011,1.799503269693248,1.9537499047781162,2.0430042713012093,2.1366670487401596,2.342934823233008,0.003806059534515674
a_subj.sIvKDF2pkNly,1.8623852986835128,0.31141687655360634,1.5308742104493467,1.6988369489360209,1.8134016991625965,1.9375296713509078,2.4923193049832797,0.02332537632284744
a_subj.sgw1PPX1s04D,2.3273390164709373,0.19802082888544467,1.9786031269257278,2.1910704393560367,2.3111882278229334,2.4505234325448706,2.7495411444237927,0.006498192384699832
a_subj.tatdpUSNjhmJ,3.0084796245769745,0.4828836994897622,2.194879091871801,2.662193952425358,2.9662517495400587,3.320694687101872,4.037930239607754,0.03525514066395078
a_subj.uxHhEDdcx96G,1.8232745534733845,0.20511746958671268,1.5172090517523107,1.6799984701652106,1.791286732625461,1.9231873272155482,2.3283718664394746,0.010431527544141075
a_subj.vaw4Oar5AzRL,2.7701449106447957,0.819715177429626,1.9519421171975821,2.2642733382489912,2.492195557199987,2.936479645263651,5.213576354131169,0.07114221415122651
a_subj.ve2ZsUxKhbqf,4.611337827591638,0.7737035699373248,2.9650574944665657,4.152332064867929,4.633913262446324,5.134363013433999,6.062491165129406,0.06187405957929001
a_subj.vjarSw5JzNXk,2.8522804770202628,1.229046197957652,2.0212868375132342,2.22572519290995,2.3803693761833573,2.6292142654184643,6.463544912101831,0.11821200058120382
a_subj.wVICZPSLJ8KW,5.850166264242104,0.7515380011910261,4.434851320849419,5.305166095543005,5.862993063063441,6.384982428682767,7.251722842504957,0.04302893905292292
a_subj.xV0pSB7wY6E2,2.992888141164603,0.9016841341080855,2.0045953929101055,2.3347470634479626,2.6671241198397997,3.3860907496688712,5.274874983576268,0.0771077262772332
t,0.3174079840418067,0.026235469516312775,0.26804182012213174,0.29942423993036843,0.3169668970728392,0.3347792682732197,0.3716078551341398,0.00129359131769628
t_std,0.2014565176278451,0.024943172722614003,0.15963508547316255,0.1841250485077962,0.1993298871093308,0.2167140036454343,0.2569545808692226,0.0010804803288860106
t_subj.00wnwvwLHBIk,0.5187370763317569,0.021654490142949873,0.47112020930380405,0.5055893219442728,0.5215273072851766,0.5343497718895889,0.553668533861886,0.0006268733285353402
t_subj.0ALnIzl1ydE6,0.3847900973449263,0.026546246680506647,0.3239654112096508,0.3722948491520514,0.3888496181509191,0.4020568163291362,0.4226978197842977,0.0013206907014349273
t_subj.0GabPL5vHH8P,0.2686448013293246,0.048344135271956176,0.13282317877437283,0.2519899232651117,0.2742170382741725,0.29203023096215275,0.3554791000186237,0.0034380171718920065
t_subj.0VVhHyPBOh8x,0.1782689103779193,0.059366153767537115,0.06050656807214123,0.13511356265681196,0.17935478394322218,0.2215631997873004,0.2886057150774514,0.004813753440720632
t_subj.1YT4qLD19kvV,0.26788025537806986,0.12127584852488112,0.05899231537372344,0.15803432389752925,0.2736666355965857,0.38850749953513203,0.41351208181602256,0.011477140553674959
t_subj.38HjYDEebF7Q,0.18456840022119597,0.06182509155030221,0.060970455893662234,0.14281145169596215,0.18493924370164913,0.2302338323153832,0.29657109027703543,0.0047869788766340795
t_subj.3m9MitiUNkLe,0.8646023008969954,0.03378002174019571,0.797529954384832,0.8432296217154511,0.8636903019691002,0.8843616844773673,0.9333992005060607,0.0011299196276700761
t_subj.568OcVLCD0h4,0.2757881251435608,0.08156900184463706,0.10636684583504921,0.22219765711308456,0.2808321183213764,0.33499990970550186,0.41489690729562506,0.0068803756663576255
t_subj.5E741EFf1D68,0.5907633861681981,0.20752697307283924,0.15408144724019868,0.44308586088576013,0.6067754873218492,0.7645027196472164,0.906595555352508,0.01526753341170361
t_subj.6xP2E90cGY7d,0.10714930392548469,0.04599501204471381,0.02312338737767792,0.07330851090290658,0.10614988615024433,0.1394293720193575,0.20065129270253312,0.00280918184435647
t_subj.8DgoXYZI05ZJ,0.15962745360112524,0.052999232552551616,0.060171465456553164,0.11935292539713176,0.16237840029882364,0.19877857091727755,0.25736630094548885,0.003967837146530937
t_subj.8LhlcQz7sD9E,0.2099115428745806,0.07804412656912443,0.07490550963738975,0.15183507763280493,0.2078818458514654,0.263266192894948,0.36793302354447155,0.006400871233108059
t_subj.8Ym9I2KtvcUQ,0.49485651910948536,0.04031706181164822,0.40419672041928284,0.4705263965761806,0.4996644309106509,0.5242933222646757,0.5597731070677935,0.003236736948667459
t_subj.8jdRn0wiVZIJ,0.5959461929700025,0.018447766008598935,0.5531216155072834,0.5847371277750673,0.5979364127942348,0.6087626250655974,0.6262172661839566,0.0005436808511035985
t_subj.8q2Uy2Q70plH,0.34654058497636,0.10904106516385834,0.07220529800769929,0.3194674425620736,0.38502831574336294,0.4202285112280047,0.464528986541397,0.009324577138702751
t_subj.ALbe7y6EHaM1,0.41261329525114054,0.10781902284788086,0.16431039269020467,0.32788287037728137,0.4687124661315124,0.4885805621590141,0.5184765964427511,0.010361047714756884
t_subj.Bu35lM8ZMH2V,0.433474162394766,0.028067042384569363,0.3668535946240702,0.4169617090916021,0.4360377027315099,0.4533280149384282,0.4813185891161239,0.0008211517952456957
t_subj.Bz45IxAK5fjO,0.39869310785055023,0.05540862238602624,0.28786294281858726,0.35176434515354577,0.4168634966908138,0.44332156356976127,0.4645914116443811,0.0029818369785481976
t_subj.CW4cYd1QYeU1,0.2209828311503092,0.07589852788179798,0.07777226123914228,0.1666731059453461,0.21961478773613033,0.27400381809504715,0.37047105561516414,0.0054983463236975404
t_subj.Erj2vLkrFRFK,0.4511438655701166,0.01787616481472852,0.410208989044512,0.4413272375799429,0.4530337042285836,0.46399861726434594,0.48071709541336755,0.0005667092391110932
t_subj.FNFg4qd24uNy,0.3055979707842647,0.08553423936629599,0.11983980970269596,0.2514655839832488,0.3084464842396789,0.3646394672279136,0.4646452508277072,0.00722102242489531
t_subj.G6HbAL5CKckH,0.32689183762081714,0.026800427210038325,0.26945195613705675,0.30723814787948034,0.33205533636893697,0.3481589836084136,0.3670658615170193,0.0009306164983864128
t_subj.HJgtd5UpWefA,0.20125959001886654,0.06553506313829166,0.07870098577756914,0.15398005143039076,0.1993320994344178,0.25120078597452644,0.3232955554596455,0.005405983085765855
t_subj.JXwtQfYRmdlb,0.29693382962150894,0.11728699067891356,0.08060716182378756,0.21438907883676916,0.29249113538155985,0.3776253280000008,0.5289995535998704,0.009466398131804131
t_subj.Jm9VG9LqGvAY,0.2825484972027796,0.09389321514087919,0.08595910155486075,0.2170417504141774,0.28300615158850206,0.35781269028448914,0.4420888291813045,0.007894343992982483
t_subj.KOP4RVWbQg5t,0.23983053992738712,0.0834204965948816,0.06703717216592081,0.17778187732791476,0.2598712492265047,0.3123392650400804,0.3449500648782844,0.007577089737280811
t_subj.KhkKnvIk9rxi,0.3132187834194204,0.10237453844073025,0.11713489945835126,0.23861228527547748,0.3187409512768975,0.39126380582600506,0.489675400306709,0.008569186339831645
t_subj.Kr1fhFpwcKCC,0.14882241252507772,0.07078208395985874,0.03130886401656562,0.09620517357209266,0.14356077200375109,0.1942248295539945,0.30647124542942206,0.004968597065693871
t_subj.LD4oLHRdPfA9,0.20568539187203277,0.08058008953726244,0.05561839362298643,0.14657128369995126,0.20572886947675925,0.26620772659896347,0.3555807550601647,0.005550121368245368
t_subj.Lh7MG1xY0pQl,0.31586744515217446,0.08121627370622107,0.14158859851472116,0.2625790622820527,0.3187609908236345,0.37519583009527124,0.46197909960222355,0.006546256203837765
t_subj.M07bqEUmTTmk,0.16491219482805172,0.05845825029094885,0.04888799393295202,0.12428401561425309,0.16914944305755164,0.20636413855700586,0.26958347217235373,0.004707728548300269
t_subj.NbvzyCXZZi1L,0.3816544520945772,0.04369161681534561,0.2784254547974345,0.35738615404012813,0.3845259161253594,0.40815485906646276,0.4670857183922525,0.0013332336683078904
t_subj.Nni7lJOWzkSC,0.3102239973078462,0.06671755721036032,0.1613480193655488,0.2684741885938324,0.3152449047141937,0.3595096338940929,0.4263243644542155,0.005557920518140763
t_subj.Ny14T48vbIXV,0.2851604385546117,0.06800676829260777,0.12347278120231925,0.2441357424580359,0.29416919319814233,0.33254725541230923,0.4062604097927779,0.005298088486113172
t_subj.P35mVpqY5nDB,0.23955958897335214,0.07902631023123162,0.07323322695490092,0.18706710806918012,0.24705506118930362,0.2966396463078477,0.3759426643082722,0.0058225986692397955
t_subj.Pvfc2tCVizbx,0.4435819537679681,0.06475737702861367,0.2872513633806919,0.406436731556106,0.450805278696881,0.48999831030616986,0.5485643621823028,0.005276729467280469
t_subj.Q2mEAvSQyEQM,0.18481232321451768,0.06309155312903943,0.061550545115271305,0.13989591508658128,0.18690927592815154,0.22993590712739437,0.29653054753777097,0.004925180745011846
t_subj.Qjf7kPixAN5S,0.38385635328799284,0.06803451519587739,0.19372650075719508,0.34805268771317127,0.39420462180817245,0.430934610794895,0.4840904212309611,0.005925548862735599
t_subj.SNL6pT4T0GG2,0.1702216826499395,0.07534840664541129,0.03837661112345853,0.11285544445110655,0.16597889952456135,0.2238166930867349,0.3235651159369032,0.00475265135770252
t_subj.Seoi9ErBmLbz,0.16465887790767958,0.07264573263570777,0.03330763827953414,0.11108916791449586,0.16041558232125602,0.2153190110563411,0.30815450372184366,0.004958523421099982
t_subj.TSOb1FVsC6Gj,0.19272062736310117,0.07710625801440306,0.05290264958138954,0.1398739162362338,0.18949983230763348,0.24237865974824097,0.36114316422565,0.005907818685207289
t_subj.V3QbPDaHmegI,0.3515719888787997,0.04976568619028794,0.22179756004530582,0.33035497409196984,0.3667162436982884,0.3872251965979201,0.41008780260963884,0.0038650203197721092
t_subj.VaDNI9pgJd1X,0.09918503943044701,0.05214643440427441,0.01880136028300264,0.05897768490233095,0.0936803647341383,0.1301517432861527,0.21898541337807303,0.002335471507136544
t_subj.Wb2VgDD1oiqn,0.28361932368201104,0.09786862351325899,0.047498769762406155,0.2539903956053308,0.3197476498883102,0.3507138455104218,0.39119827591244416,0.008856372638427923
t_subj.XdNdtPH2gx6g,0.005321358766732806,0.003218000353020473,0.0008001087883215512,0.002905646389488358,0.004674925376994992,0.007219982365348427,0.013173466657608782,8.874457327535354e-05
t_subj.YJtWDBhIZrfu,0.2465764973854447,0.06447584702261601,0.10631547493890257,0.20377053247964208,0.25122029189369505,0.2947919589932213,0.35887684942856785,0.005038981904815073
t_subj.Yr8fjKtzqBSc,0.16018527547251155,0.055316110466920504,0.052126977310231914,0.12231581132930833,0.15873565038379167,0.2001473499037403,0.2642279646249446,0.0037105424966320335
t_subj.ZyEayYnQuirQ,0.1976492757424994,0.06401503056620242,0.06958526493341079,0.1538686279427833,0.1967567800499816,0.24540019268819796,0.3098176552406951,0.0055006107536088615
t_subj.a1fyzaUeRMiI,0.10686046133284363,0.05800713872234661,0.01877857600875825,0.06110461288307743,0.10065937904022561,0.1410554692008588,0.24066499311123973,0.0030800453404695102
t_subj.a2u6gJO7Y274,0.46866506721378937,0.012710692561820034,0.4405416063151616,0.46093477632691576,0.47044036850104104,0.4776788194012028,0.488771772222726,0.0003611554482130516
t_subj.a2uc42qALAbk,0.2859526962797274,0.08062006804164842,0.09690748262231524,0.23682171535541913,0.3180414758746387,0.3453077956569063,0.37884769818023495,0.006986117526129073
t_subj.bIGrT2JgnV8h,0.38144003878473076,0.08254492040066443,0.1489486716075646,0.35076467525368354,0.39943028821677706,0.4341365446314461,0.5030202108862326,0.006211566382029419
t_subj.beMiKSQwLbmP,0.14219759686596106,0.06854554232489661,0.030453325312310427,0.08896040913118419,0.13719364992618907,0.18589463708067588,0.2869473054103577,0.003563651668232614
t_subj.bfadGrp5nqVu,0.344050571164159,0.04764771756101463,0.24905202770158547,0.32210639716705247,0.34129667055364876,0.380852357666394,0.41831892256145253,0.003282509331862294
t_subj.bfsCGazJkgHe,0.32370480661674417,0.10789611492860414,0.11332176795639134,0.2399223038155842,0.3282501496929454,0.4109123748836743,0.5031416820387405,0.008992318740713405
t_subj.bsBTMtR449YJ,0.14886933662693624,0.06860068303557797,0.02679917570620608,0.0969010369778888,0.14381044843599472,0.19693835521073003,0.29052046743701326,0.004191178863558246
t_subj.c1bgmfeXTXTb,0.2974890313447763,0.0445085776031449,0.2039833744346202,0.26945163767214225,0.3013286619906513,0.32854242884129164,0.3766040241636099,0.0032205918954764253
t_subj.eYN6bFalTKXx,0.2409191743845498,0.09495573018861736,0.07403212563265973,0.17469574191989234,0.23451443217722337,0.29499635720766176,0.4618165687361163,0.007706099592643606
t_subj.gk8Vo58Syky3,0.25108270728224846,0.0670924620452385,0.12062133470458783,0.20210363592165026,0.2542749566883597,0.3028177136344074,0.3657538614138243,0.005621209008770405
t_subj.hbqSJJgFRp6J,0.44139532981237317,0.07872960060065723,0.26138418287669857,0.39386195020744785,0.4562235774258356,0.4999249826491386,0.5582866621067066,0.00590091023765937
t_subj.iQS78gQlITXB,0.40098471079139386,0.01970449202909943,0.35650210937921734,0.3894975405153919,0.4029339123412371,0.4143762269061629,0.43577373526713353,0.000678536276073438
t_subj.j1fpeDp6n8UR,0.2888608324706342,0.06227658657595301,0.14962782505265557,0.24998739803895598,0.2939709205326606,0.33337139304282654,0.39514254356378387,0.0050624764435754765
t_subj.jkMWKBfbNm89,0.18886081306494387,0.05707806357857342,0.06998203697127373,0.14689773326141575,0.19593283649554463,0.23233052148638356,0.28395443062401327,0.004588296732363713
t_subj.lYX7ZRvDXlCB,0.1937970082603656,0.06681574005691783,0.06876161622804988,0.15059034572322372,0.19091358677892117,0.23504339760036375,0.33877067969833197,0.005116497066215255
t_subj.oVBDbrLOM3N4,0.32459225393955177,0.17304010521811253,0.06825294675393034,0.19461309252731868,0.2804840764657768,0.4336912648342651,0.6405191700194428,0.016230076072853948
t_subj.pmFs7MfKf2zJ,0.13981663616888626,0.06153730254341834,0.029828195046110097,0.0937008999904426,0.13634017655585756,0.18184596765674726,0.26725283187689397,0.0041540589509110205
t_subj.pw7CJaa5hzve,0.6609192268221852,0.028207512624133443,0.5928949724091724,0.6500916699568798,0.6653047758396841,0.6779449700065493,0.7001680639847137,0.0011691128876263617
t_subj.qZqT39zakszM,0.6838167824474022,0.028743223897054495,0.6172168291957408,0.6673436593071657,0.6880849818234451,0.703624103378238,0.7299815878848397,0.0006693054744678023
t_subj.sIvKDF2pkNly,0.28180224882601035,0.02658942811618873,0.21724200430473617,0.2716467761873426,0.28504069948607347,0.29657267167343293,0.3195692485440532,0.0016685771975681845
t_subj.sgw1PPX1s04D,0.616791934736297,0.031029272291208627,0.5449692378987113,0.5997189798766235,0.6194632255799096,0.6373139133506829,0.6691109281111531,0.000975739463889555
t_subj.tatdpUSNjhmJ,0.43058338724894735,0.03890890468536107,0.34727563741494627,0.4059930574719908,0.43327917756097467,0.4579170449468474,0.4994647156730834,0.002542201141622915
t_subj.uxHhEDdcx96G,0.5558035042917859,0.040954658297477395,0.4189305138008855,0.5517360424883109,0.5665379649054328,0.5782874308517645,0.5971710421217067,0.0024680998164475845
t_subj.vaw4Oar5AzRL,0.4736454387654718,0.060171351843629574,0.2866547694354051,0.456739893943042,0.4930215039999015,0.5121461216855225,0.5376367771985147,0.005022303772718462
t_subj.ve2ZsUxKhbqf,0.1627476528743956,0.08740643760997201,0.04087970775997596,0.10519626914279281,0.14447692032233367,0.19373357316586387,0.39003084526923926,0.0067069395537288886
t_subj.vjarSw5JzNXk,0.48198027113168573,0.13376633428482457,0.09423473156850806,0.49383492089001957,0.5322865096526381,0.555739235446612,0.590393917091665,0.012607655711337831
t_subj.wVICZPSLJ8KW,0.12729930049571458,0.06077495886084879,0.022089085666544928,0.0817480125718127,0.12444937342456398,0.16932301933546223,0.25154380681917027,0.002911738093509501
t_subj.xV0pSB7wY6E2,0.3691093073503651,0.07409936310813044,0.1745734035407749,0.3365968483533671,0.3931891016472265,0.4230520373139191,0.4575193054964976,0.0061310682024454865
v_Intercept,3.4648132089818167,0.14790668040701818,3.161864813841766,3.3688035887977517,3.461699174357312,3.56583234443054,3.760910016056901,0.007572448179234142
v_Intercept_std,1.1454726896907883,0.11516093623227011,0.9353029549762015,1.0666799602456158,1.1395941347723557,1.2192293035378754,1.3781526304923213,0.0063061072744735654
v_Intercept_subj.00wnwvwLHBIk,2.148660296043311,0.24857945372076656,1.668492252532071,1.9774723339523752,2.156620943972363,2.3126805802663553,2.6265246446074557,0.00823212494112578
v_Intercept_subj.0ALnIzl1ydE6,2.0019856071825064,0.2686320095348275,1.5230359869991432,1.8225511413005746,1.9947574712402132,2.1603816447903395,2.560985316801317,0.011372729668827112
v_Intercept_subj.0GabPL5vHH8P,2.8683640190253192,0.4271527937140063,2.178801428321732,2.5782336205946774,2.822585190955061,3.096172251336135,3.8703698528368387,0.02772928576244608
v_Intercept_subj.0VVhHyPBOh8x,4.2661537587765626,0.529594082342947,3.147515519497183,3.93647362488773,4.2931935634934835,4.637963348140553,5.238206176820999,0.03814687250576766
v_Intercept_subj.1YT4qLD19kvV,3.070187070194666,0.7074204503805539,1.9577811455734628,2.4399254791193434,3.0402609175351607,3.6554274577273977,4.341446899592711,0.06343084479416582
v_Intercept_subj.38HjYDEebF7Q,4.756927729584917,0.44078985312875174,3.8825103377358956,4.480793643681643,4.746887480062768,5.047232592514079,5.637092922492093,0.029746851189472522
v_Intercept_subj.3m9MitiUNkLe,2.5015815908095997,0.3023474687612853,1.9494984770648938,2.289960110669236,2.480770898678415,2.6950029123190844,3.16589555277447,0.01126360142311513
v_Intercept_subj.568OcVLCD0h4,4.464337574680071,0.5141080479663248,3.430950022797983,4.116761568076293,4.4617826161008765,4.799529832166916,5.482904039256369,0.03816122911902345
v_Intercept_subj.5E741EFf1D68,3.0625315294474014,0.5908392837843308,1.9355145527832753,2.651031315695324,3.066674555354768,3.472161332704345,4.216137671470831,0.03271952949090186
v_Intercept_subj.6xP2E90cGY7d,3.8413515637459663,0.3723565986676853,3.111410739360103,3.588531383177424,3.8376407012909812,4.072883041148578,4.636097802704099,0.02122591060984975
v_Intercept_subj.8DgoXYZI05ZJ,5.350886050377722,0.4928496285488518,4.377791801495552,5.011371068302114,5.348698328619695,5.699861836546122,6.288837132989588,0.03324215231362826
v_Intercept_subj.8LhlcQz7sD9E,4.033159936532012,0.45769063238572116,3.10806916454957,3.739196451334236,4.052030628635882,4.352885467798991,4.881990388879303,0.03377664176673183
v_Intercept_subj.8Ym9I2KtvcUQ,5.003082749722943,0.5702403866969711,3.925497483920108,4.611533260044383,4.979195540187187,5.397342182762848,6.093097302226653,0.03793602510155254
v_Intercept_subj.8jdRn0wiVZIJ,1.9826700722012338,0.24320728861758886,1.5206688973433253,1.8195070078377173,1.978573194977271,2.148872126459551,2.463071771669449,0.00842564807174868
v_Intercept_subj.8q2Uy2Q70plH,2.6407912857520333,0.4261443528355174,1.9678459963933648,2.329773965099881,2.570891724325359,2.895503229284201,3.626511531808117,0.03255901894557061
v_Intercept_subj.ALbe7y6EHaM1,4.233953348348207,0.783071911723877,3.084648936225932,3.6551804086298145,4.056656391073695,4.755191874513034,6.007824322597798,0.06743292840413058
v_Intercept_subj.Bu35lM8ZMH2V,1.5800640667677244,0.18557833837366672,1.2312122245016275,1.44634051086351,1.5798407740470082,1.7077037743100318,1.9515091748842033,0.006191153855312161
v_Intercept_subj.Bz45IxAK5fjO,2.694931617727353,0.3413940990956775,2.0539753514577224,2.4556931683058645,2.6768359583906216,2.9187885532879405,3.4041495113005205,0.013539585270979398
v_Intercept_subj.CW4cYd1QYeU1,4.797440438057618,0.5083181116375174,3.7915442582690475,4.424204437123622,4.805336177321665,5.166912595748935,5.749943786291402,0.036778575463299955
v_Intercept_subj.Erj2vLkrFRFK,2.743963520995608,0.3218599508024019,2.120614238372486,2.534791961295775,2.7388494196316833,2.9592650771758287,3.388046915342475,0.009932719570089508
v_Intercept_subj.FNFg4qd24uNy,5.259077049605728,0.47828997710975435,4.2527184743468895,4.93356675511755,5.254024610001771,5.595080184726213,6.184225113188461,0.03477815591869731
v_Intercept_subj.G6HbAL5CKckH,2.432348915231881,0.3188874919842005,1.782369953460019,2.2122726537943787,2.440808210170814,2.653752489778987,3.030616743150569,0.01009659604157303
v_Intercept_subj.HJgtd5UpWefA,5.164669196732911,0.5631001625888924,4.0827777989141065,4.799122340900702,5.1844334022821394,5.53356036960195,6.290766907594322,0.03677297561743429
v_Intercept_subj.JXwtQfYRmdlb,3.1577442365632753,0.37083395312861184,2.3590595340721197,2.9282730258245544,3.185034012715821,3.4200877531631146,3.799793793532817,0.027102801969142953
v_Intercept_subj.Jm9VG9LqGvAY,4.1049313973228365,0.48346030977212656,3.1240739371117203,3.7824154788349036,4.114381618486097,4.441015359570744,5.045710682384008,0.037904985366732036
v_Intercept_subj.KOP4RVWbQg5t,3.335735508173375,0.7950168207985692,2.031795905195463,2.634691408895704,3.344547826859718,3.9785100193208014,4.775349306828673,0.06902081292158933
v_Intercept_subj.KhkKnvIk9rxi,3.5686282105887925,0.5953633551773327,2.3814133670435393,3.1699712067205854,3.5949868471880886,3.9734648510166837,4.729932668371251,0.047732607669208275
v_Intercept_subj.Kr1fhFpwcKCC,3.331729512048109,0.34061934575419295,2.608077383889419,3.1229582949267733,3.3496423065203325,3.54265030141823,3.977755965379199,0.022183365019178097
v_Intercept_subj.LD4oLHRdPfA9,3.6395621334485924,0.4011315837909507,2.839666813273193,3.35595823271509,3.6455368823492247,3.9235942933053383,4.433531055576462,0.02651950480432431
v_Intercept_subj.Lh7MG1xY0pQl,5.037613583064196,0.5013681350925686,4.046602666919188,4.6809303404613525,5.066156720579627,5.393035961432475,5.954863928900887,0.03618901718960106
v_Intercept_subj.M07bqEUmTTmk,4.4710162770950435,0.4764251548988997,3.4922818846163115,4.176087638054114,4.4520864742368085,4.781536265795456,5.394982593089743,0.03401698766306653
v_Intercept_subj.NbvzyCXZZi1L,2.397713774512406,0.37023930735767047,1.6881292479122847,2.1551191618536993,2.3876318586789287,2.630192510376978,3.1668048713143193,0.013455867888335629
v_Intercept_subj.Nni7lJOWzkSC,5.415973337178553,0.557048185154589,4.401720653380097,5.049014240708626,5.391259293781263,5.779311952884984,6.602003037890764,0.042356181326907306
v_Intercept_subj.Ny14T48vbIXV,3.0113066924162406,0.5764964040953213,2.0287486703619977,2.574934773112423,2.947487383183232,3.4276713237631067,4.2087490329535076,0.04502371514207529
v_Intercept_subj.P35mVpqY5nDB,3.073394409054784,0.3689334637009579,2.3798223462244663,2.794866313997042,3.054619477870338,3.3379175395927367,3.7946079005604925,0.026970461923780626
v_Intercept_subj.Pvfc2tCVizbx,3.7803309801317893,0.4823814969800763,2.834311717952098,3.4467245592131786,3.782903994905338,4.099914965773403,4.713949069389626,0.03507913526389067
v_Intercept_subj.Q2mEAvSQyEQM,4.232990469524764,0.46009947180062677,3.354041940381718,3.9107640745725356,4.242209541808984,4.547819840438003,5.151679826614405,0.03129928362510583
v_Intercept_subj.Qjf7kPixAN5S,5.111501672539957,0.51947087975502,4.100483899443639,4.75208720663763,5.092607913035625,5.462878559626894,6.175135348105586,0.036867122801400115
v_Intercept_subj.SNL6pT4T0GG2,3.4483955887108073,0.3465451089839048,2.7551111421773946,3.215653984928277,3.4464520604867,3.6897737121460925,4.125162307930179,0.021217779648591086
v_Intercept_subj.Seoi9ErBmLbz,3.061380045966204,0.31455028374148963,2.4534507173174944,2.84713386661378,3.064481613117333,3.261188706650734,3.6820269534625885,0.020649073191873417
v_Intercept_subj.TSOb1FVsC6Gj,4.1842331276934805,0.4449626509493199,3.257943218742997,3.895144539960867,4.211597697095149,4.482366607582025,5.030075075741386,0.030853985343994268
v_Intercept_subj.V3QbPDaHmegI,2.5224817545090583,0.5008285855300839,1.7714430816840734,2.147165739271654,2.4291938030549383,2.8347671779491654,3.6027808842579185,0.03779728093918069
v_Intercept_subj.VaDNI9pgJd1X,2.904005769777273,0.29802660019690513,2.3285350623608703,2.7017480240856964,2.892814970987107,3.0967780957705426,3.500740769159448,0.016311451909241163
v_Intercept_subj.Wb2VgDD1oiqn,2.2849147408126966,0.44755530080605876,1.6829943850474371,1.9732804841139573,2.1684339003393793,2.4877435101231606,3.360362231612044,0.03832632199627487
v_Intercept_subj.XdNdtPH2gx6g,0.42414134917729535,0.1676320860149302,0.0975894714136478,0.3106102696498911,0.42551999911120875,0.5369416366475179,0.7551473342598771,0.004210580131691379
v_Intercept_subj.YJtWDBhIZrfu,3.905310767875121,0.4748395469171999,2.946342615329212,3.587323270783183,3.9039531544564556,4.229907064359953,4.851006597843493,0.032550153221180225
v_Intercept_subj.Yr8fjKtzqBSc,4.491161610119342,0.4001308531837659,3.686373363588711,4.215327928773217,4.47717809116686,4.766624385471378,5.297613701369158,0.024050873926862337
v_Intercept_subj.ZyEayYnQuirQ,3.926465008605275,0.6384928323183124,2.5375111604463014,3.5604710899789014,4.020706642025759,4.379246649843506,4.999875134682134,0.05347112030050157
v_Intercept_subj.a1fyzaUeRMiI,3.699805140774897,0.37410116351404754,3.003536659069355,3.4491506531279357,3.6860902552477786,3.9488346698591554,4.446422022767612,0.021509328153111608
v_Intercept_subj.a2u6gJO7Y274,2.732492074291809,0.3052089266034363,2.1252227143472604,2.5348709890841867,2.7332200974585956,2.946699587548769,3.304490607714857,0.010360612141713289
v_Intercept_subj.a2uc42qALAbk,3.190377727672335,0.5074687463536799,2.368681220457691,2.821460684584802,3.1029740334661504,3.5075407563766787,4.2808165931208615,0.03909987852753939
v_Intercept_subj.bIGrT2JgnV8h,2.129542463074485,0.3384753041335453,1.5803192395798031,1.8966899869166616,2.088372043261299,2.317646679373069,2.9081939992404506,0.022281224526209904
v_Intercept_subj.beMiKSQwLbmP,3.091209935033158,0.30989297593183907,2.5111853231102232,2.8746633719249166,3.090403391368027,3.2973071270214827,3.7151552093817126,0.017189185421710516
v_Intercept_subj.bfadGrp5nqVu,3.149779497249211,0.4361611209076482,2.4403140254621047,2.832379858504908,3.106878904953886,3.418546163423198,4.095476326386356,0.022035791465950402
v_Intercept_subj.bfsCGazJkgHe,3.7191084767368583,0.41866113479381556,2.9296516844870553,3.4224235323528656,3.699014983525179,4.0239478309272805,4.5537351043429215,0.02998589260877411
v_Intercept_subj.bsBTMtR449YJ,3.7922295657274967,0.340051313169203,3.143691132663339,3.5677966920355186,3.7886903978839763,4.00081431929337,4.523920159407362,0.019265693395145993
v_Intercept_subj.c1bgmfeXTXTb,3.8527367526418845,0.4361912019146351,2.9995488926354086,3.5675875729440394,3.8445495944613093,4.14033013560974,4.715581988368472,0.03220822219263899
v_Intercept_subj.eYN6bFalTKXx,4.559129898167867,0.4668159977454964,3.671680618085591,4.234888494338147,4.542178467957429,4.868260060806327,5.4957185659229975,0.03169023816882173
v_Intercept_subj.gk8Vo58Syky3,4.404020239760642,0.4895243808543313,3.485362203024627,4.056641773339938,4.42518346993086,4.755128301130342,5.319653564509466,0.035879714932581276
v_Intercept_subj.hbqSJJgFRp6J,2.448146656840256,0.3660488041829841,1.7722219099018346,2.18254758715285,2.4416277843548264,2.6971181352072673,3.179225180777722,0.025909243439311457
v_Intercept_subj.iQS78gQlITXB,3.2566013394037374,0.3733827656852214,2.5490890615689707,2.9979097737883165,3.246208607930293,3.5000502741621085,4.044026192058461,0.015065472834782373
v_Intercept_subj.j1fpeDp6n8UR,4.998086327210815,0.5299262947552927,3.986904225643333,4.619762573787809,4.961336001519674,5.360691562457794,6.135538441204493,0.037069359308040006
v_Intercept_subj.jkMWKBfbNm89,5.098039421973791,0.4973982387174593,4.184328305450844,4.740626991482065,5.081063325887019,5.4284756211192,6.095151802447274,0.03666609311566837
v_Intercept_subj.lYX7ZRvDXlCB,4.75568811397901,0.4133880123475127,3.962923482640467,4.488988305213195,4.74085612398982,5.037633484070797,5.576449698288098,0.02300030851497383
v_Intercept_subj.oVBDbrLOM3N4,3.1830501210253113,0.6289350824193034,1.8885830746166592,2.7794405773332462,3.3000328120897118,3.654288161447221,4.202235175465576,0.05575173548252643
v_Intercept_subj.pmFs7MfKf2zJ,4.075180436917468,0.3815061679272975,3.35984511040323,3.8108170003902457,4.060241124217938,4.319407276586795,4.869874489134014,0.022367050899379064
v_Intercept_subj.pw7CJaa5hzve,2.8257808607547896,0.29572256834672683,2.2739159590222457,2.6285974418695237,2.820563898218416,3.0293708638942363,3.431494995146976,0.011624560295477218
v_Intercept_subj.qZqT39zakszM,1.6554775693872927,0.2024465079163276,1.2638874132765139,1.5106932050133433,1.6557404529393933,1.7947393455242866,2.033880419236756,0.006107237774570317
v_Intercept_subj.sIvKDF2pkNly,2.4439049459137756,0.35804083428372174,1.8191896350966175,2.230314359548014,2.4238072420079986,2.6188274291362386,3.1905752648468404,0.020897979738325335
v_Intercept_subj.sgw1PPX1s04D,1.9533983925965033,0.2398633758294363,1.5018294513067136,1.7892431935288202,1.9435896244368802,2.112402460317032,2.4461778056196963,0.007804065985052707
v_Intercept_subj.tatdpUSNjhmJ,3.5934944590756714,0.38421011091721163,2.8454170824680207,3.3324432996298,3.588824872138397,3.8289144010798406,4.353549478798885,0.023094276501190898
v_Intercept_subj.uxHhEDdcx96G,2.932210465540981,0.3105642630755663,2.3599852118419684,2.7183096968877583,2.9354887852258527,3.1387569595524174,3.559236515392047,0.01163975583123435
v_Intercept_subj.vaw4Oar5AzRL,3.673193660388939,0.5523402191461687,2.821075652223321,3.269057608644635,3.5882301507981946,3.9773394182574413,4.96061308043687,0.04102732329388793
v_Intercept_subj.ve2ZsUxKhbqf,3.5928021250407873,0.36267490133210856,2.9597830494388973,3.3403227748601863,3.575826817009978,3.8129933104133653,4.356808386596625,0.02409129500602767
v_Intercept_subj.vjarSw5JzNXk,1.951235810898602,0.4574914587596807,1.4003853464080542,1.6651923558426975,1.8271199538609157,2.0536042786241686,3.183698892338997,0.0404699162350406
v_Intercept_subj.wVICZPSLJ8KW,3.3204769521999644,0.323809452301308,2.6996389986046614,3.0925751811716085,3.319420030200577,3.522690668250697,3.988463976560189,0.017513569913228992
v_Intercept_subj.xV0pSB7wY6E2,3.227158100341003,0.5336500525305432,2.3459560951952514,2.838658741451489,3.151789234645928,3.5764317477013625,4.432127297324066,0.03940301108186537
v_C(conflict)[T.True],-1.5706617525082414,0.2009731924698382,-1.967712999856441,-1.7019210378405107,-1.566904548555779,-1.435349595165668,-1.1807745088462178,0.005856520588929993
v_C(conflict)[T.True]_std,1.7202298233877564,0.1791846040588527,1.4150180561719172,1.5918438170981821,1.7117453136082428,1.8308594549881965,2.0936540683814293,0.010401498675012808
v_C(conflict)[T.True]_subj.00wnwvwLHBIk,-1.222723786618629,0.28663686462741317,-1.8004097524200984,-1.4073635821825352,-1.226157469435484,-1.0389721924093247,-0.6457474474862914,0.008824626611730765
v_C(conflict)[T.True]_subj.0ALnIzl1ydE6,-3.2606365070484133,0.569239963057373,-4.819581600203197,-3.4960951653743164,-3.1812405235990253,-2.918201294684459,-2.4201361718928713,0.029753252069625397
v_C(conflict)[T.True]_subj.0GabPL5vHH8P,-1.2080876298596335,0.32538611850901233,-1.839893235438476,-1.4270155782387823,-1.2076521820760404,-0.993648964229204,-0.5470323517853006,0.011114569551440407
v_C(conflict)[T.True]_subj.0VVhHyPBOh8x,-0.9346104353351161,0.3119869909270531,-1.5367944684374213,-1.1352592529832128,-0.9424965391097491,-0.7249988829707098,-0.30169556603856484,0.01095657438736552
v_C(conflict)[T.True]_subj.1YT4qLD19kvV,-0.3226271875104599,0.35273134237140724,-1.0576462500836032,-0.5611713939136641,-0.2882485497067468,-0.08054876497027752,0.30256936467623974,0.017707526896838233
v_C(conflict)[T.True]_subj.38HjYDEebF7Q,-0.7678068242387263,0.29754524581338854,-1.3671277160648236,-0.9627387981529707,-0.764585181768065,-0.5652694149999566,-0.18998075704768963,0.010482687343519804
v_C(conflict)[T.True]_subj.3m9MitiUNkLe,-1.3833643595465692,0.3183433114282987,-2.0391749241654136,-1.600029896582527,-1.3745745973932464,-1.1617012812536809,-0.7846604206714372,0.011147432179309445
v_C(conflict)[T.True]_subj.568OcVLCD0h4,-0.6925738264520889,0.2819838681585379,-1.2635677199395454,-0.8767947985624437,-0.6929620892124307,-0.5083263940279386,-0.1401401162014152,0.011397747430162667
v_C(conflict)[T.True]_subj.5E741EFf1D68,-0.8037339627619813,0.4822947764988229,-1.8338749188526093,-1.111571081064106,-0.7898723638321009,-0.47229086759458616,0.057498193877550285,0.017861490799639973
v_C(conflict)[T.True]_subj.6xP2E90cGY7d,-0.8861346301123443,0.25990815288858765,-1.4019430790476155,-1.0671772606353638,-0.8831229775038663,-0.7112289769633864,-0.40284987510804393,0.00854319459528681
v_C(conflict)[T.True]_subj.8DgoXYZI05ZJ,-1.4587296115801813,0.3067343109922707,-2.0540053068129795,-1.6645834382225029,-1.4601868151667179,-1.2485168236596862,-0.8602491407230223,0.012451904109016525
v_C(conflict)[T.True]_subj.8LhlcQz7sD9E,-0.19238312580025105,0.2609422781317015,-0.669494873162831,-0.3739199736993217,-0.19164984111537353,-0.019254326949491224,0.32217337587582745,0.00817367274393743
v_C(conflict)[T.True]_subj.8Ym9I2KtvcUQ,-1.3760272516038712,0.3848784589972792,-2.139050044603955,-1.6244030365203246,-1.3749805327378186,-1.1209764270106017,-0.6346916954695395,0.012172256361819008
v_C(conflict)[T.True]_subj.8jdRn0wiVZIJ,-2.3881853678784317,0.31842136012625616,-3.0330316592538504,-2.5957759569941903,-2.389374727216304,-2.174242420744373,-1.751758458435699,0.010926686989757756
v_C(conflict)[T.True]_subj.8q2Uy2Q70plH,-0.8338175026602298,0.2701405497018474,-1.3570588217737272,-1.0170630680928767,-0.833552850752898,-0.6437518353903597,-0.3200751109315143,0.009142707419365754
v_C(conflict)[T.True]_subj.ALbe7y6EHaM1,-1.5376730947555164,0.4288661459419568,-2.393696617489377,-1.823342311572047,-1.5323047234613234,-1.2252151315031803,-0.779435262038422,0.02170205599973455
v_C(conflict)[T.True]_subj.Bu35lM8ZMH2V,-1.483924080904073,0.2418480296637297,-1.938285389868343,-1.645364921043817,-1.4925704843816325,-1.3215219140756047,-1.0006894436322906,0.00858315527253726
v_C(conflict)[T.True]_subj.Bz45IxAK5fjO,-1.444178641039836,0.38221612812509476,-2.2292646695693685,-1.6960314621495935,-1.432412865299102,-1.1876836731004214,-0.7336698660171961,0.015129520479372355
v_C(conflict)[T.True]_subj.CW4cYd1QYeU1,-0.9381987427469559,0.2631480690485094,-1.4878124377296713,-1.110659197367923,-0.9298271816929358,-0.7574224296919954,-0.44225405347024915,0.010375496366782772
v_C(conflict)[T.True]_subj.Erj2vLkrFRFK,-1.2393861672190178,0.360326678861453,-1.9170012430151544,-1.489790081107092,-1.2383865641845793,-1.006624623540423,-0.5011443263488342,0.010927695385213921
v_C(conflict)[T.True]_subj.FNFg4qd24uNy,-1.3185404096969005,0.2716059501946496,-1.86143660081436,-1.483545048987999,-1.3118624734455067,-1.1453189503503043,-0.798395638832198,0.010567471419236172
v_C(conflict)[T.True]_subj.G6HbAL5CKckH,-0.9935594666889892,0.36546934077660687,-1.661657967185892,-1.2417445033215708,-1.000895512405756,-0.748719071273006,-0.2518589878338617,0.0124352584032443
v_C(conflict)[T.True]_subj.HJgtd5UpWefA,-1.2092296731724625,0.35280862392891993,-1.9387269421024365,-1.4401352506892127,-1.1944230879550044,-0.9805475385785563,-0.5370155975287079,0.01391539233043495
v_C(conflict)[T.True]_subj.JXwtQfYRmdlb,-0.9689615575199174,0.23534404484790009,-1.4471992271863385,-1.1254743054618843,-0.970290378877035,-0.8089004290304203,-0.539404059044045,0.009549623553806334
v_C(conflict)[T.True]_subj.Jm9VG9LqGvAY,-1.566784814999486,0.2810825677866114,-2.1231503404850285,-1.7561441246967604,-1.5550945653821784,-1.3798032055671214,-1.019341077408036,0.011416991111443328
v_C(conflict)[T.True]_subj.KOP4RVWbQg5t,-0.42767111336880304,0.3404218119396483,-1.0982798447367466,-0.6634774968298613,-0.4346011264751649,-0.19652053740777564,0.23179821304325754,0.011065068339744251
v_C(conflict)[T.True]_subj.KhkKnvIk9rxi,-0.5064860743881763,0.31205694473632833,-1.1502019809908126,-0.7120892084152238,-0.5042926804351999,-0.30194763120662527,0.09979765125943141,0.010831146136621367
v_C(conflict)[T.True]_subj.Kr1fhFpwcKCC,-0.8518724630622762,0.23285558613194052,-1.2855380005120371,-1.0046883313937296,-0.8538298913410288,-0.6843307722045242,-0.39970254742954336,0.008109654691857333
v_C(conflict)[T.True]_subj.LD4oLHRdPfA9,-1.1965776272006854,0.27084712643811143,-1.7220867098340498,-1.3818880248844183,-1.1905980582820601,-1.0095330049315892,-0.6765039749229266,0.012793039346596558
v_C(conflict)[T.True]_subj.Lh7MG1xY0pQl,-1.7082224550546385,0.29028533877896834,-2.267729048152749,-1.9119955067086358,-1.7145539479104908,-1.506879773752447,-1.13201449912177,0.014608556248543758
v_C(conflict)[T.True]_subj.M07bqEUmTTmk,-0.742073327651419,0.29513030588083883,-1.3545151849129018,-0.9339477612430174,-0.7363434930181977,-0.5355058695646537,-0.18310672153835772,0.009730033205736446
v_C(conflict)[T.True]_subj.NbvzyCXZZi1L,-1.5539272735427538,0.4004227284680602,-2.382218118818039,-1.8139410642051108,-1.5506035617033118,-1.2727740188007601,-0.8302779815572201,0.013513049087798507
v_C(conflict)[T.True]_subj.Nni7lJOWzkSC,-1.2525928871381629,0.31352461956606276,-1.8701488862738214,-1.4568035599359732,-1.2513225915531252,-1.0314724847942631,-0.6488718446785021,0.0128603499245812
v_C(conflict)[T.True]_subj.Ny14T48vbIXV,-5.80438030967987,1.0835019237882069,-8.138125557845378,-6.588704161262102,-5.631520386721379,-4.9647478098771085,-4.080300278215547,0.08779718706163328
v_C(conflict)[T.True]_subj.P35mVpqY5nDB,-5.997445275028134,0.6823272481583659,-7.322545918461773,-6.475707947488345,-5.9733111324810615,-5.5134200483571325,-4.778868347097369,0.05218597689271073
v_C(conflict)[T.True]_subj.Pvfc2tCVizbx,-0.261461200001506,0.32455202915703535,-0.8773382991867497,-0.48978741760252464,-0.26805149909719994,-0.057637697560696366,0.4025320869168276,0.009694530416980686
v_C(conflict)[T.True]_subj.Q2mEAvSQyEQM,-0.7709022663474617,0.28543355738646364,-1.3524353854282554,-0.9637069665187952,-0.7593669908714524,-0.5730924165552285,-0.22773102338339368,0.009052226099330107
v_C(conflict)[T.True]_subj.Qjf7kPixAN5S,-1.1324486981771833,0.34231876034155484,-1.8421173076187465,-1.3534943189334574,-1.1179236119870042,-0.88969397797931,-0.49618717542695046,0.012226552585722425
v_C(conflict)[T.True]_subj.SNL6pT4T0GG2,-0.5494074960695865,0.2196102319188038,-0.9990107888802501,-0.6929732417908911,-0.5489832660031838,-0.40110721498189694,-0.12235322949510768,0.0078021931348417105
v_C(conflict)[T.True]_subj.Seoi9ErBmLbz,-0.23202450497381907,0.21917461196401394,-0.6645010544444258,-0.38145771462408096,-0.23194837705621837,-0.08664337500049335,0.1971496952662394,0.006696536097966147
v_C(conflict)[T.True]_subj.TSOb1FVsC6Gj,-1.1167479632903583,0.26926956359486487,-1.6410433328144334,-1.2935406539061494,-1.1149683297336674,-0.9302562033726078,-0.5884670818878573,0.009988006479199047
v_C(conflict)[T.True]_subj.V3QbPDaHmegI,-4.825439095770789,0.883651976724166,-6.868160032962343,-5.331626951193486,-4.611658734863405,-4.1708072099899285,-3.571158424354109,0.06954215480796985
v_C(conflict)[T.True]_subj.VaDNI9pgJd1X,-0.6621616950309572,0.20404227294605962,-1.0626605163044438,-0.7978277652572223,-0.665381110951422,-0.5191299409691996,-0.2689113136616731,0.007557780653629509
v_C(conflict)[T.True]_subj.Wb2VgDD1oiqn,-1.0426626237507348,0.2524173770537137,-1.5303744024745534,-1.2166325570483647,-1.0409118708684577,-0.8670248947957744,-0.5547155738732187,0.010272497952435499
v_C(conflict)[T.True]_subj.XdNdtPH2gx6g,-1.1063972506243613,0.24269971777699714,-1.5904180722199153,-1.2694610285089336,-1.1059281354745794,-0.9390091855343938,-0.6341460660717395,0.005933961558422719
v_C(conflict)[T.True]_subj.YJtWDBhIZrfu,-0.23684064043135636,0.30000231763766105,-0.853612248822198,-0.43367502884058007,-0.2287681903876445,-0.04037174967555446,0.339929020728053,0.009492799092389103
v_C(conflict)[T.True]_subj.Yr8fjKtzqBSc,-1.2938292734337884,0.2787184862129332,-1.8577239770397342,-1.487459067137791,-1.2825896803204397,-1.109890620312483,-0.745184735094619,0.009883599899090215
v_C(conflict)[T.True]_subj.ZyEayYnQuirQ,-0.10865583927890107,0.3558128255709791,-0.8430117047493054,-0.34669123663589035,-0.08292969315270576,0.12866849060885222,0.5409723709501548,0.016563344699720577
v_C(conflict)[T.True]_subj.a1fyzaUeRMiI,-0.5434499324748804,0.24568530347344436,-1.0395619186960778,-0.7106004890022584,-0.5403483059352223,-0.3824858203949624,-0.07184639656517733,0.009169255104535392
v_C(conflict)[T.True]_subj.a2u6gJO7Y274,-4.138910848465269,0.4450594847861767,-5.044574789036991,-4.437222759275503,-4.140344557310412,-3.8246656158355874,-3.3154899317448043,0.015563421656126664
v_C(conflict)[T.True]_subj.a2uc42qALAbk,-1.1455503759669101,0.3049931464723467,-1.7433145825136216,-1.3393502555780499,-1.137628093443826,-0.9371164970667232,-0.5283195623424792,0.010412121106009517
v_C(conflict)[T.True]_subj.bIGrT2JgnV8h,-0.824217768703683,0.2583140151157711,-1.327112483956407,-0.9956048635584899,-0.8274594106256109,-0.6531393008307678,-0.3202761721278897,0.008746555572793406
v_C(conflict)[T.True]_subj.beMiKSQwLbmP,-0.7089405910621809,0.20961779287278004,-1.1105627713364856,-0.8500935742183818,-0.7053693266702812,-0.569498411853596,-0.2919966719544576,0.007486790548123954
v_C(conflict)[T.True]_subj.bfadGrp5nqVu,-1.4859439165538098,0.4421075452685475,-2.395841413309893,-1.7792332113822242,-1.4449486839490457,-1.175417283009688,-0.7061917664872474,0.020534379428059763
v_C(conflict)[T.True]_subj.bfsCGazJkgHe,-0.40638318409952534,0.24903465846988304,-0.8973558913582441,-0.5791971406393708,-0.4040113425314869,-0.23133359052443273,0.08499163899412565,0.008222457715811374
v_C(conflict)[T.True]_subj.bsBTMtR449YJ,-1.220736101131181,0.2257317746503933,-1.7086036262699744,-1.3690139414795925,-1.2100969901147782,-1.0715436980231696,-0.7953213024030561,0.008569976989973775
v_C(conflict)[T.True]_subj.c1bgmfeXTXTb,-7.732950182374391,0.8170905033206605,-9.28322304639095,-8.308940922687597,-7.698656080717318,-7.160699007101476,-6.170617473118965,0.06217606999677431
v_C(conflict)[T.True]_subj.eYN6bFalTKXx,-0.5560877877739898,0.2562081849533247,-1.0667196820776255,-0.7191659480335016,-0.5520598328451578,-0.3846645463243074,-0.0522793941061277,0.007741433794128641
v_C(conflict)[T.True]_subj.gk8Vo58Syky3,0.30932870627577674,0.2888933459021834,-0.26570884329554756,0.12048008649044939,0.3134111862666916,0.5079788008105333,0.8628692250358008,0.008080472038720855
v_C(conflict)[T.True]_subj.hbqSJJgFRp6J,-5.11228597438357,0.6777551677385593,-6.460922340125829,-5.566153267480402,-5.098816692063957,-4.608973125463174,-3.8391845798013,0.04971373422153837
v_C(conflict)[T.True]_subj.iQS78gQlITXB,-1.8056783052331333,0.3590254186686433,-2.539912922524878,-2.041431077319717,-1.7954636965720663,-1.5731394237113638,-1.101436855361063,0.013613985725528193
v_C(conflict)[T.True]_subj.j1fpeDp6n8UR,-1.2189108165087064,0.33838291494772393,-1.886040769853779,-1.441068286687353,-1.2058909861644778,-0.9864843001431376,-0.6029384867023764,0.01346363822970012
v_C(conflict)[T.True]_subj.jkMWKBfbNm89,-0.8532736000004858,0.30696219778177514,-1.4634535228082868,-1.0527114567823173,-0.853146029982149,-0.65315449262356,-0.21010033434003972,0.010183023140539328
v_C(conflict)[T.True]_subj.lYX7ZRvDXlCB,-1.1971805783418619,0.2814009430270344,-1.7689960943708936,-1.373683693472823,-1.1965783186101246,-1.0070997055764312,-0.674279223553728,0.010415135415992014
v_C(conflict)[T.True]_subj.oVBDbrLOM3N4,-0.7283361515755025,0.2674751208898293,-1.2747581040077687,-0.9031428984018501,-0.740306242214884,-0.5420727961328851,-0.1972834475993437,0.009558255610490759
v_C(conflict)[T.True]_subj.pmFs7MfKf2zJ,-1.3637286865385867,0.2615723009451791,-1.8972369649540555,-1.5431880917569738,-1.3560032732757379,-1.1766491396628278,-0.868054847936702,0.009723863508201713
v_C(conflict)[T.True]_subj.pw7CJaa5hzve,-1.9929447048830466,0.32193015601876285,-2.6203891146907288,-2.2040679952538724,-1.992914686502468,-1.7769737717687502,-1.3772216235608248,0.012675736415027426
v_C(conflict)[T.True]_subj.qZqT39zakszM,-2.136132367867053,0.27037541769764295,-2.6781582645293764,-2.309608380129824,-2.132811126341503,-1.9571026210783349,-1.6037129295992658,0.008172648354733768
v_C(conflict)[T.True]_subj.sIvKDF2pkNly,-0.7573182655218191,0.3390900453714661,-1.4173445723216276,-0.9845273651227417,-0.7555932976167503,-0.5347571940877764,-0.08684669980196702,0.010264499258363396
v_C(conflict)[T.True]_subj.sgw1PPX1s04D,-1.1718343233262813,0.2584221090842875,-1.664261797133049,-1.359620574889517,-1.170098426247022,-0.9937204987701462,-0.6941920592515536,0.007948582890166131
v_C(conflict)[T.True]_subj.tatdpUSNjhmJ,-7.179182036331559,0.7470137933309777,-8.698998060690624,-7.6677256054484815,-7.143373842210544,-6.678712219405495,-5.792033115158167,0.04776215204833856
v_C(conflict)[T.True]_subj.uxHhEDdcx96G,-1.5554485939476514,0.3451842179732994,-2.262135861633325,-1.7738455155280717,-1.5559124193092218,-1.3106920669359492,-0.87443146341676,0.012175888214235864
v_C(conflict)[T.True]_subj.vaw4Oar5AzRL,-1.829089529269648,0.3445733020480402,-2.4928047998262377,-2.0603243135040565,-1.8187790870820426,-1.5982184407665159,-1.173728594450125,0.013302670884138857
v_C(conflict)[T.True]_subj.ve2ZsUxKhbqf,-6.971885558684804,0.6765377713275957,-8.454954934017323,-7.373055846950676,-6.913516503092435,-6.497312796512563,-5.807966834203706,0.047051425541346704
v_C(conflict)[T.True]_subj.vjarSw5JzNXk,-0.6633917926870933,0.24151292767276966,-1.1290713298032706,-0.8339272353339575,-0.6649808601442888,-0.4885778711863258,-0.1996181128596195,0.007935121167538181
v_C(conflict)[T.True]_subj.wVICZPSLJ8KW,-0.7155535454552979,0.2151296102241866,-1.1421641388455195,-0.863769924799242,-0.7130254337636441,-0.5692734205787691,-0.29889252177106873,0.007853066141957098
v_C(conflict)[T.True]_subj.xV0pSB7wY6E2,-1.5362316666698135,0.3252869079172595,-2.1729243436371397,-1.747412248616182,-1.5324832464286435,-1.3089247145455092,-0.9147961730055425,0.013092037677749515
